Gridcode,Species,prediction_bee,lower_CI_bee,upper_CI_bee
100001,Andrena_violae,72.43915105,32.84644413,112.031858
100002,Andrena_violae,69.17685547,30.2956153,108.0580956
100003,Andrena_violae,71.37521854,32.39344026,110.3569968
100004,Andrena_violae,68.03785005,29.72486873,106.3508314
100005,Andrena_violae,66.93003448,27.9822186,105.8778504
100006,Andrena_violae,74.16452889,34.80859697,113.5204608
100007,Andrena_violae,68.76352839,31.13233206,106.3947247
100008,Andrena_violae,60.36501764,23.85978419,96.8702511
100009,Andrena_violae,62.88409994,24.53143788,101.236762
100010,Andrena_violae,74.35210673,34.84801612,113.8561973
100011,Andrena_violae,73.40965099,34.8696131,111.9496889
100012,Andrena_violae,68.71166519,31.47615391,105.9471765
100013,Andrena_violae,60.87512378,23.94553518,97.80471238
100014,Andrena_violae,60.20866693,22.45240064,97.96493322
100015,Andrena_violae,71.08840498,32.63888274,109.5379272
100016,Andrena_violae,72.84829269,34.06625598,111.6303294
100017,Andrena_violae,72.29281307,34.34089405,110.2447321
100018,Andrena_violae,68.81138091,31.50905331,106.1137085
100019,Andrena_violae,65.8179866,28.16422968,103.4717435
100020,Andrena_violae,63.72700549,25.53995794,101.914053
100021,Andrena_violae,71.42448129,33.78733033,109.0616323
100022,Andrena_violae,73.32561677,35.20114192,111.4500916
100023,Andrena_violae,71.9710494,34.57949725,109.3626016
100024,Andrena_violae,63.25108991,25.98158441,100.5205954
100025,Andrena_violae,63.11157424,25.85367574,100.3694727
100026,Andrena_violae,70.05174271,31.50202995,108.6014555
100027,Andrena_violae,74.89909893,36.3615583,113.4366395
100028,Andrena_violae,73.32059497,35.53772473,111.1034652
100029,Andrena_violae,72.60349626,35.2169684,109.9900241
100030,Andrena_violae,70.73583777,33.80404223,107.6676333
100031,Andrena_violae,66.89433755,30.25020301,103.5384721
100032,Andrena_violae,66.27219704,29.50775762,103.0366365
100033,Andrena_violae,67.00810688,29.59097283,104.4252409
100034,Andrena_violae,74.46578863,36.22669601,112.7048812
100035,Andrena_violae,75.14039019,37.00463047,113.2761499
100036,Andrena_violae,73.20782769,35.71242089,110.7032345
100037,Andrena_violae,73.63910269,36.23649382,111.0417116
100038,Andrena_violae,73.17893726,36.1467215,110.211153
100039,Andrena_violae,72.34036988,35.22161228,109.4591275
100040,Andrena_violae,70.66303407,33.09211959,108.2339486
100041,Andrena_violae,72.90085414,35.33626771,110.4654406
100042,Andrena_violae,70.9538771,33.68390819,108.223846
100043,Andrena_violae,74.23678032,36.41312472,112.0604359
100044,Andrena_violae,76.08592204,38.38561247,113.7862316
100045,Andrena_violae,74.44826662,37.0062457,111.8902875
100046,Andrena_violae,73.84456079,36.23891367,111.4502079
100047,Andrena_violae,73.39555367,36.24297985,110.5481275
100048,Andrena_violae,70.30317622,33.57355364,107.0327988
100049,Andrena_violae,70.73955914,33.57305515,107.9060631
100050,Andrena_violae,72.44898354,35.80426045,109.0937066
100051,Andrena_violae,72.26677954,35.38008185,109.1534772
100052,Andrena_violae,74.77210767,37.73414044,111.8100749
100053,Andrena_violae,73.86908834,37.02532963,110.712847
100054,Andrena_violae,72.16499181,35.42710985,108.9028738
100055,Andrena_violae,72.88459012,35.74785492,110.0213253
100056,Andrena_violae,73.12603809,36.82948847,109.4225877
100057,Andrena_violae,73.3678038,36.71849918,110.0171084
100058,Andrena_violae,75.37280372,38.78407256,111.9615349
100059,Andrena_violae,73.74524876,37.14701819,110.3434793
100060,Andrena_violae,72.05730966,35.73607051,108.3785488
100061,Andrena_violae,74.60747212,38.09370164,111.1212426
100062,Andrena_violae,73.46613289,37.5772054,109.3550604
100063,Andrena_violae,75.1863249,39.07299605,111.2996537
100064,Andrena_violae,76.00654355,39.87636504,112.1367221
100065,Andrena_violae,74.47160713,38.71115931,110.232055
100066,Andrena_violae,74.62863604,38.98050654,110.2767655
100067,Andrena_violae,75.05915484,39.12167629,110.9966334
100068,Andrena_violae,73.1486204,37.24799692,109.0492439
100069,Andrena_violae,78.51834994,42.08057433,114.9561256
100070,Andrena_violae,79.69340068,42.91438743,116.4724139
100071,Andrena_violae,76.18557191,40.96773285,111.403411
100072,Andrena_violae,76.50247308,41.34238497,111.6625612
100073,Andrena_violae,75.25740215,39.82156951,110.6932348
100074,Andrena_violae,74.6251507,38.81473926,110.4355621
100075,Andrena_violae,78.58225387,41.46414102,115.7003667
100076,Andrena_violae,80.13241397,42.57078149,117.6940465
100077,Andrena_violae,80.29043429,43.50126032,117.0796083
100078,Andrena_violae,77.10754601,40.65785073,113.5572413
100079,Andrena_violae,76.76786529,42.83534121,110.7003894
100080,Andrena_violae,76.56984103,41.24207309,111.897609
100081,Andrena_violae,76.76425745,41.22070135,112.3078135
100082,Andrena_violae,76.76010752,40.650365,112.86985
100083,Andrena_violae,74.54680389,36.80395336,112.2896544
100084,Andrena_violae,77.85812501,39.88401821,115.8322318
100085,Andrena_violae,80.31417911,42.25984879,118.3685094
100086,Andrena_violae,79.74158573,41.82428191,117.6588896
100087,Andrena_violae,73.74746076,35.36942733,112.1254942
100088,Andrena_violae,75.10259099,37.44629624,112.7588857
100089,Andrena_violae,76.71426488,39.49181406,113.9367157
100090,Andrena_violae,75.51339341,38.46216792,112.5646189
100091,Andrena_violae,75.63976346,38.77083906,112.5086879
100092,Andrena_violae,76.30674033,40.4950437,112.118437
100093,Andrena_violae,77.06764772,40.95410028,113.1811952
100094,Andrena_violae,75.51825096,39.17719132,111.8593106
100095,Andrena_violae,74.20993595,38.07064368,110.3492282
100096,Andrena_violae,82.15082099,43.77865709,120.5229849
100097,Andrena_violae,84.46265821,45.58356843,123.341748
100098,Andrena_violae,82.40287765,44.059584,120.7461713
100099,Andrena_violae,79.36191256,41.69169283,117.0321323
100100,Andrena_violae,79.45508694,41.77408529,117.1360886
100101,Andrena_violae,80.37547814,42.53234904,118.2186072
100102,Andrena_violae,78.9977775,41.14896179,116.8465932
100103,Andrena_violae,76.61693472,38.18433681,115.0495326
100104,Andrena_violae,75.23705708,36.58262124,113.8914929
100105,Andrena_violae,77.02966293,39.34201212,114.7173137
100106,Andrena_violae,74.96500143,37.68924066,112.2407622
100107,Andrena_violae,74.16782059,36.78502045,111.5506207
100108,Andrena_violae,74.35824058,37.17073692,111.5457442
100109,Andrena_violae,75.703379,39.05282188,112.3539361
100110,Andrena_violae,76.51806569,39.79947936,113.236652
100111,Andrena_violae,74.34020243,37.1081235,111.5722814
100112,Andrena_violae,83.87235206,45.3978131,122.346891
100113,Andrena_violae,85.38206287,46.60449952,124.1596262
100114,Andrena_violae,85.04608147,46.74039388,123.3517691
100115,Andrena_violae,84.09824854,45.83127346,122.3652236
100116,Andrena_violae,82.27106642,43.96987738,120.5722555
100117,Andrena_violae,81.45131511,43.90597732,118.9966529
100118,Andrena_violae,79.17875477,41.92355232,116.4339572
100119,Andrena_violae,75.89180406,38.06707565,113.7165325
100120,Andrena_violae,74.72723728,36.15941963,113.2950549
100121,Andrena_violae,72.80281837,34.04862123,111.5570155
100122,Andrena_violae,75.61124249,37.44865897,113.773826
100123,Andrena_violae,76.50144779,38.79907714,114.2038184
100124,Andrena_violae,75.97241289,38.77705656,113.1677692
100125,Andrena_violae,73.83838553,36.36788417,111.3088869
100126,Andrena_violae,73.40093101,35.67547464,111.1263874
100127,Andrena_violae,75.22241471,38.2032805,112.2415489
100128,Andrena_violae,76.27860519,39.03080117,113.5264092
100129,Andrena_violae,75.27248724,37.97321696,112.5717575
100130,Andrena_violae,74.74212476,36.58715077,112.8970988
100131,Andrena_violae,73.75198518,35.44359824,112.0603721
100132,Andrena_violae,75.431939,37.99001093,112.8738671
100133,Andrena_violae,77.56477892,40.4529453,114.6766125
100134,Andrena_violae,78.37581274,41.65461966,115.0970058
100135,Andrena_violae,75.22099102,37.38538594,113.0565961
100136,Andrena_violae,74.12561229,36.20124384,112.0499807
100137,Andrena_violae,76.52623818,38.72729717,114.3251792
100138,Andrena_violae,79.23823689,41.4321041,117.0443697
100139,Andrena_violae,75.90733047,37.66699469,114.1476662
100140,Andrena_violae,75.89511966,37.2742627,114.5159766
100141,Andrena_violae,75.52712133,37.44719012,113.6070525
100142,Andrena_violae,76.18722081,39.04973642,113.3247052
100143,Andrena_violae,77.52797871,40.06801728,114.9879401
100144,Andrena_violae,77.94600078,40.6065384,115.2854632
100145,Andrena_violae,74.98511901,37.08468923,112.8855488
100146,Andrena_violae,75.078017,37.22360567,112.9324283
100147,Andrena_violae,76.77993619,38.57612048,114.9837519
100148,Andrena_violae,77.8227967,40.05807438,115.587519
100149,Andrena_violae,75.28264326,37.67454025,112.8907463
100150,Andrena_violae,77.81543251,39.4937932,116.1370718
100151,Andrena_violae,78.04998049,39.88368243,116.2162786
100152,Andrena_violae,77.61006825,39.9930529,115.2270836
100153,Andrena_violae,78.44077685,41.1659728,115.7155809
100154,Andrena_violae,78.81881239,41.37453575,116.263089
100155,Andrena_violae,77.62816712,40.07470627,115.181628
100156,Andrena_violae,76.8916367,39.06400145,114.7192719
100157,Andrena_violae,76.7382155,38.95382134,114.5226097
100158,Andrena_violae,76.46403909,38.50704825,114.4210299
100159,Andrena_violae,76.85339374,39.47326401,114.2335235
100160,Andrena_violae,78.30680207,41.04092096,115.5726832
100161,Andrena_violae,81.46664791,44.3836733,118.5496225
100162,Andrena_violae,81.53505099,44.47579187,118.5943101
100163,Andrena_violae,80.84189892,43.75545494,117.9283429
100164,Andrena_violae,79.90864195,42.79552273,117.0217612
100165,Andrena_violae,79.74457423,42.24945039,117.2396981
100166,Andrena_violae,79.29872618,41.56230819,117.0351442
100167,Andrena_violae,80.28940188,42.74091475,117.837889
100168,Andrena_violae,80.33561039,43.09020384,117.5810169
100169,Andrena_violae,77.39933836,40.18067145,114.6180053
100170,Andrena_violae,78.15136131,41.20896951,115.0937531
100171,Andrena_violae,81.75937399,44.92913168,118.5896163
100172,Andrena_violae,78.58303116,41.39628162,115.7697807
100173,Andrena_violae,81.67621242,44.66183124,118.6905936
100174,Andrena_violae,83.72824778,47.24815901,120.2083366
100175,Andrena_violae,83.64146556,46.62977592,120.6531552
100176,Andrena_violae,82.61089677,45.18207003,120.0397235
100177,Andrena_violae,80.65487245,42.6465856,118.6631593
100178,Andrena_violae,80.38014859,42.76895611,117.9913411
100179,Andrena_violae,81.5274235,44.46459379,118.5902532
100180,Andrena_violae,80.16904397,43.21811371,117.1199742
100181,Andrena_violae,77.12133574,39.47585234,114.7668191
100182,Andrena_violae,76.99523454,39.28453556,114.7059335
100183,Andrena_violae,79.54705989,42.61136582,116.482754
100184,Andrena_violae,80.36013664,44.16117113,116.5591021
100185,Andrena_violae,80.06833849,42.689943,117.446734
100186,Andrena_violae,83.5066447,46.7623052,120.2509842
100187,Andrena_violae,84.59552095,47.25415383,121.9368881
100188,Andrena_violae,83.56707103,46.11992452,121.0142175
100189,Andrena_violae,82.5308444,45.13261122,119.9290776
100190,Andrena_violae,82.1825008,44.32632237,120.0386792
100191,Andrena_violae,82.29232105,44.94394203,119.6407001
100192,Andrena_violae,80.64541241,43.67200595,117.6188189
100193,Andrena_violae,78.06994,40.44768749,115.6921925
100194,Andrena_violae,77.80848096,39.91338127,115.7035806
100195,Andrena_violae,79.29003232,42.10661854,116.4734461
100196,Andrena_violae,80.25742335,43.45738526,117.0574614
100197,Andrena_violae,79.3295662,43.08282201,115.5763104
100198,Andrena_violae,80.52490565,45.1891817,115.8606296
100199,Andrena_violae,82.48602654,43.79003067,121.1820224
100200,Andrena_violae,83.1027228,45.92460628,120.2808393
100201,Andrena_violae,82.92326488,45.98911351,119.8574162
100202,Andrena_violae,82.64989365,44.93982992,120.3599574
100203,Andrena_violae,81.83843946,43.97566816,119.7012108
100204,Andrena_violae,81.35852047,43.16059195,119.556449
100205,Andrena_violae,82.52139728,44.84984097,120.1929536
100206,Andrena_violae,81.65460249,44.42186327,118.8873417
100207,Andrena_violae,79.29496641,41.858426,116.7315068
100208,Andrena_violae,78.17232481,40.13111359,116.213536
100209,Andrena_violae,77.60677125,39.58466303,115.6288795
100210,Andrena_violae,78.73630294,41.16023545,116.3123704
100211,Andrena_violae,80.77799539,44.06995626,117.4860345
100212,Andrena_violae,82.93573067,47.22332159,118.6481398
100213,Andrena_violae,81.85473998,45.84074861,117.8687314
100214,Andrena_violae,85.43683243,46.61886991,124.2547949
100215,Andrena_violae,85.79810628,47.21329492,124.3829177
100216,Andrena_violae,85.37906682,47.02417352,123.7339601
100217,Andrena_violae,84.36543152,46.38060973,122.3502533
100218,Andrena_violae,84.61270063,46.93748766,122.2879136
100219,Andrena_violae,83.8891952,45.93113669,121.8472537
100220,Andrena_violae,83.54991177,45.68048142,121.4193421
100221,Andrena_violae,81.80118461,43.87521511,119.7271541
100222,Andrena_violae,81.62874565,44.05224375,119.2052475
100223,Andrena_violae,79.8564162,41.8308417,117.8819907
100224,Andrena_violae,78.72477151,40.13347672,117.3160663
100225,Andrena_violae,79.11260193,41.12282366,117.1023802
100226,Andrena_violae,80.76985607,43.8759858,117.6637263
100227,Andrena_violae,83.12458837,46.57955745,119.6696193
100228,Andrena_violae,84.30711071,48.15176162,120.4624598
100229,Andrena_violae,85.98452991,50.54653791,121.4225219
100230,Andrena_violae,90.64083254,52.5032435,128.7784216
100231,Andrena_violae,93.43780603,55.46126092,131.4143511
100232,Andrena_violae,91.96196949,53.50979741,130.4141416
100233,Andrena_violae,89.34316814,51.2546287,127.4317076
100234,Andrena_violae,87.52774881,49.77590354,125.2795941
100235,Andrena_violae,85.01843504,46.98488999,123.0519801
100236,Andrena_violae,85.04583504,47.21604241,122.8756277
100237,Andrena_violae,83.3980755,45.13613722,121.6600138
100238,Andrena_violae,80.81430144,42.76723047,118.8613724
100239,Andrena_violae,80.58199917,43.23824399,117.9257544
100240,Andrena_violae,80.21957917,42.11074002,118.3284183
100241,Andrena_violae,81.62389605,43.88990732,119.3578848
100242,Andrena_violae,83.49746284,46.42547329,120.5694524
100243,Andrena_violae,84.84413723,48.06019846,121.628076
100244,Andrena_violae,85.09808968,48.61942693,121.5767524
100245,Andrena_violae,86.27624991,50.34600081,122.206499
100246,Andrena_violae,85.72192987,49.74700364,121.6968561
100247,Andrena_violae,91.44319397,51.00652271,131.8798652
100248,Andrena_violae,94.29743062,56.29503837,132.2998229
100249,Andrena_violae,103.8134929,66.58540838,141.0415774
100250,Andrena_violae,99.79222077,61.9314177,137.6530238
100251,Andrena_violae,93.48004745,55.77935435,131.1807406
100252,Andrena_violae,90.30895614,52.98738807,127.6305242
100253,Andrena_violae,87.83043882,50.10958855,125.5512891
100254,Andrena_violae,86.31364499,47.86622666,124.7610633
100255,Andrena_violae,83.45031677,45.00381801,121.8968155
100256,Andrena_violae,82.88169241,45.59814616,120.1652387
100257,Andrena_violae,83.27249251,45.51345324,121.0315318
100258,Andrena_violae,83.06194298,45.05317145,121.0707145
100259,Andrena_violae,82.75423749,45.36289991,120.1455751
100260,Andrena_violae,84.23693109,47.68629532,120.7875669
100261,Andrena_violae,86.13301715,49.68966728,122.576367
100262,Andrena_violae,86.44216142,50.03244909,122.8518737
100263,Andrena_violae,85.31342462,48.6169556,122.0098936
100264,Andrena_violae,86.42005634,50.02566665,122.814446
100265,Andrena_violae,84.33752506,47.72156597,120.9534842
100266,Andrena_violae,91.27763512,52.70886793,129.8464023
100267,Andrena_violae,93.55099017,55.01941093,132.0825694
100268,Andrena_violae,105.274529,67.53263867,143.0164192
100269,Andrena_violae,100.4889655,62.03462152,138.9433095
100270,Andrena_violae,94.36550058,56.31037413,132.420627
100271,Andrena_violae,89.76873587,51.86713891,127.6703328
100272,Andrena_violae,89.46604908,50.96894332,127.9631548
100273,Andrena_violae,89.08707149,49.64191407,128.5322289
100274,Andrena_violae,86.46432807,48.03016215,124.898494
100275,Andrena_violae,85.92662452,48.50714614,123.3461029
100276,Andrena_violae,84.81435425,47.21451592,122.4141926
100277,Andrena_violae,83.10704567,44.83497751,121.3791138
100278,Andrena_violae,82.13646228,44.30942182,119.9635027
100279,Andrena_violae,82.67060104,45.62621785,119.7149842
100280,Andrena_violae,83.49850514,46.43026624,120.566744
100281,Andrena_violae,85.41039843,48.67879316,122.1420037
100282,Andrena_violae,85.15068857,48.5378763,121.7635008
100283,Andrena_violae,86.22198285,49.65950721,122.7844585
100284,Andrena_violae,89.02200127,52.98497986,125.0590227
100285,Andrena_violae,87.43118661,52.17814005,122.6842332
100286,Andrena_violae,86.33795548,50.49277086,122.1831401
100287,Andrena_violae,95.02131824,57.13376437,132.9088721
100288,Andrena_violae,94.52331547,56.56175605,132.4848749
100289,Andrena_violae,98.14413906,60.23902841,136.0492497
100290,Andrena_violae,99.28298257,61.36983566,137.1961295
100291,Andrena_violae,96.26457936,57.63266236,134.8964964
100292,Andrena_violae,89.89262115,50.747122,129.0381203
100293,Andrena_violae,87.68267601,49.08704803,126.278304
100294,Andrena_violae,86.94183426,47.8810662,126.0026023
100295,Andrena_violae,86.27526333,47.83807165,124.712455
100296,Andrena_violae,87.50218175,49.46103806,125.5433254
100297,Andrena_violae,85.99359046,48.17365587,123.813525
100298,Andrena_violae,84.09940414,46.27709428,121.921714
100299,Andrena_violae,83.57134688,45.45499178,121.687702
100300,Andrena_violae,79.45373857,39.90627529,119.0012018
100301,Andrena_violae,81.41023884,44.47582611,118.3446516
100302,Andrena_violae,85.25885468,48.41674835,122.100961
100303,Andrena_violae,86.3188396,49.63583075,123.0018485
100304,Andrena_violae,86.20274845,49.21700716,123.1884897
100305,Andrena_violae,87.33055225,51.15625802,123.5048465
100306,Andrena_violae,86.14597319,51.00165473,121.2902916
100307,Andrena_violae,88.49998451,52.65206168,124.3479073
100308,Andrena_violae,90.56390838,54.66970657,126.4581102
100309,Andrena_violae,98.94115122,61.13770816,136.7445943
100310,Andrena_violae,95.14532446,57.49296911,132.7976798
100311,Andrena_violae,99.52882249,61.95167693,137.1059681
100312,Andrena_violae,112.0608356,73.10222266,151.0194485
100313,Andrena_violae,110.1979549,70.66489238,149.7310174
100314,Andrena_violae,97.40131546,58.12310251,136.6795284
100315,Andrena_violae,88.74020637,50.4801429,127.0002698
100316,Andrena_violae,86.33209891,48.3379028,124.326295
100317,Andrena_violae,86.76251827,48.57456064,124.9504759
100318,Andrena_violae,88.94388757,50.9039427,126.9838324
100319,Andrena_violae,89.39182001,51.28588691,127.4977531
100320,Andrena_violae,86.54535783,47.91342739,125.1772883
100321,Andrena_violae,84.19209063,45.0377581,123.3464232
100322,Andrena_violae,82.67869544,44.65327183,120.7041191
100323,Andrena_violae,78.61512459,44.10615206,113.1240971
100324,Andrena_violae,85.10638696,48.02640874,122.1863652
100325,Andrena_violae,85.37301705,47.62674908,123.119285
100326,Andrena_violae,86.57502949,48.90313044,124.2469285
100327,Andrena_violae,87.73868473,51.32254119,124.1548283
100328,Andrena_violae,87.82537403,52.01198877,123.6387593
100329,Andrena_violae,88.62640091,52.4805047,124.7722971
100330,Andrena_violae,91.23351131,55.0177407,127.4492819
100331,Andrena_violae,90.76981007,54.934596,126.6050241
100332,Andrena_violae,93.88511066,55.15333441,132.6168869
100333,Andrena_violae,94.56653558,57.13423875,131.9988324
100334,Andrena_violae,111.9409516,73.81442161,150.0674816
100335,Andrena_violae,105.0683655,66.46631662,143.6704143
100336,Andrena_violae,102.7576016,61.58438093,143.9308223
100337,Andrena_violae,110.7771422,69.96523928,151.5890451
100338,Andrena_violae,106.2863097,66.52359101,146.0490284
100339,Andrena_violae,93.29551213,56.24734727,130.343677
100340,Andrena_violae,90.46998892,53.08344745,127.8565304
100341,Andrena_violae,91.41283256,54.48891522,128.3367499
100342,Andrena_violae,91.22336829,53.91139733,128.5353393
100343,Andrena_violae,87.38167935,48.12598647,126.6373722
100344,Andrena_violae,86.87089384,48.35604593,125.3857417
100345,Andrena_violae,85.66538106,47.74729843,123.5834637
100346,Andrena_violae,84.97160234,48.05889274,121.8843119
100347,Andrena_violae,87.36199791,50.2682204,124.4557754
100348,Andrena_violae,87.91343292,50.45197634,125.3748895
100349,Andrena_violae,87.14474655,49.78372337,124.5057697
100350,Andrena_violae,88.09685966,51.30550186,124.8882175
100351,Andrena_violae,87.45701677,50.93455197,123.9794816
100352,Andrena_violae,87.53526797,50.73737189,124.3331641
100353,Andrena_violae,90.6673919,53.70006953,127.6347143
100354,Andrena_violae,93.48651983,57.36033216,129.6127075
100355,Andrena_violae,92.11347545,57.0134741,127.2134768
100356,Andrena_violae,91.32893028,56.20148648,126.4563741
100357,Andrena_violae,115.8679095,76.78831917,154.9474998
100358,Andrena_violae,106.5191904,65.87387357,147.1645072
100359,Andrena_violae,108.4092347,66.6615687,150.1569006
100360,Andrena_violae,117.1832752,75.41658442,158.949966
100361,Andrena_violae,108.2907791,70.63427675,145.9472814
100362,Andrena_violae,98.30348233,61.81241741,134.7945472
100363,Andrena_violae,94.2881288,56.72949361,131.846764
100364,Andrena_violae,91.17796604,53.87874151,128.4771906
100365,Andrena_violae,89.58811044,51.60520051,127.5710204
100366,Andrena_violae,89.96911706,52.5409568,127.3972773
100367,Andrena_violae,89.90551265,52.63327019,127.1777551
100368,Andrena_violae,90.0141983,53.07548228,126.9529143
100369,Andrena_violae,91.36705147,54.29556317,128.4385398
100370,Andrena_violae,90.27284193,53.60345263,126.9422312
100371,Andrena_violae,88.60610703,52.02411524,125.1880988
100372,Andrena_violae,87.22235688,50.6692433,123.7754705
100373,Andrena_violae,85.81397675,49.29218872,122.3357648
100374,Andrena_violae,88.3616983,51.32933373,125.3940629
100375,Andrena_violae,90.89415563,54.89289005,126.8954212
100376,Andrena_violae,91.15903732,56.34419948,125.9738752
100377,Andrena_violae,91.59015325,56.67783122,126.5024753
100378,Andrena_violae,110.944191,72.78551833,149.1028637
100379,Andrena_violae,108.0934081,69.75782086,146.4289954
100380,Andrena_violae,97.45859347,55.67839972,139.2387872
100381,Andrena_violae,97.97838395,62.00397621,133.9527917
100382,Andrena_violae,103.6790033,67.39321352,139.9647931
100383,Andrena_violae,100.8412982,63.90563752,137.7769589
100384,Andrena_violae,96.70356078,60.16520858,133.241913
100385,Andrena_violae,94.29302977,57.19020326,131.3958563
100386,Andrena_violae,94.89979972,57.60322335,132.1963761
100387,Andrena_violae,94.31267994,56.95916987,131.66619
100388,Andrena_violae,93.47065403,56.47152089,130.4697872
100389,Andrena_violae,93.54169241,56.1774097,130.9059751
100390,Andrena_violae,93.03792909,55.70034677,130.3755114
100391,Andrena_violae,90.42957234,53.72459715,127.1345475
100392,Andrena_violae,88.79002197,52.72531306,124.8547309
100393,Andrena_violae,87.62735421,51.53505681,123.7196516
100394,Andrena_violae,90.1092572,54.12413784,126.0943766
100395,Andrena_violae,91.41654586,55.22366115,127.6094306
100396,Andrena_violae,91.35650254,56.0214244,126.6915807
100397,Andrena_violae,92.67487051,57.05581148,128.2939295
100398,Andrena_violae,93.22969129,58.00121491,128.4581677
100399,Andrena_violae,92.69442168,57.76871438,127.620129
100400,Andrena_violae,102.1197343,64.36974562,139.869723
100401,Andrena_violae,107.870823,69.80200598,145.9396401
100402,Andrena_violae,112.7414657,75.78580207,149.6971293
100403,Andrena_violae,102.8772088,66.46194859,139.2924689
100404,Andrena_violae,98.8072765,62.02724126,135.5873117
100405,Andrena_violae,98.22841443,61.43672891,135.0201
100406,Andrena_violae,96.33142242,59.08278209,133.5800627
100407,Andrena_violae,94.5485714,57.47027362,131.6268692
100408,Andrena_violae,95.8650612,58.78162299,132.9484994
100409,Andrena_violae,95.18077594,57.39938111,132.9621708
100410,Andrena_violae,94.21891669,56.70290928,131.7349241
100411,Andrena_violae,93.19444263,57.13373431,129.2551509
100412,Andrena_violae,89.28328833,54.52642854,124.0401481
100413,Andrena_violae,90.85874368,54.57038249,127.1471049
100414,Andrena_violae,91.91183439,55.38616688,128.4375019
100415,Andrena_violae,93.43735081,57.37068108,129.5040205
100416,Andrena_violae,94.94086467,59.1655489,130.7161804
100417,Andrena_violae,96.46420121,60.65940014,132.2690023
100418,Andrena_violae,96.43258354,60.74264787,132.1225192
100419,Andrena_violae,94.13381711,59.05092258,129.2167116
100420,Andrena_violae,119.5297055,81.47509535,157.5843157
100421,Andrena_violae,120.7661339,83.55977898,157.9724888
100422,Andrena_violae,105.0334206,69.05766449,141.0091767
100423,Andrena_violae,102.7485199,66.41261164,139.0844281
100424,Andrena_violae,98.80506468,61.56621121,136.0439181
100425,Andrena_violae,97.99365294,60.50442236,135.4828835
100426,Andrena_violae,96.71294694,59.12951212,134.2963818
100427,Andrena_violae,95.14200565,57.74757583,132.5364355
100428,Andrena_violae,95.05736893,58.41356855,131.7011693
100429,Andrena_violae,94.92095476,57.62921992,132.2126896
100430,Andrena_violae,92.69483026,55.78205329,129.6076072
100431,Andrena_violae,94.00967315,57.09817027,130.921176
100432,Andrena_violae,94.4178846,57.38471088,131.4510583
100433,Andrena_violae,94.48975271,57.55675039,131.422755
100434,Andrena_violae,95.33629427,58.92656952,131.746019
100435,Andrena_violae,95.20813172,59.27943642,131.136827
100436,Andrena_violae,94.85842363,59.50980541,130.2070419
100437,Andrena_violae,117.4483427,81.36336392,153.5333215
100438,Andrena_violae,114.5447575,77.88069268,151.2088223
100439,Andrena_violae,111.3754203,74.94497987,147.8058607
100440,Andrena_violae,102.3326292,65.4144891,139.2507693
100441,Andrena_violae,100.02464,62.04657405,138.0027059
100442,Andrena_violae,97.58125643,59.23210067,135.9304122
100443,Andrena_violae,94.94581263,57.13695568,132.7546696
100444,Andrena_violae,95.84607811,57.95492789,133.7372283
100445,Andrena_violae,97.19409595,59.94917037,134.4390215
100446,Andrena_violae,96.11085292,58.51573834,133.7059675
100447,Andrena_violae,95.9511469,58.85927304,133.0430208
100448,Andrena_violae,96.21403655,58.86420758,133.5638655
100449,Andrena_violae,96.55409971,59.17628253,133.9319169
100450,Andrena_violae,97.08810399,59.61281569,134.5633923
100451,Andrena_violae,96.46173367,59.39669572,133.5267716
100452,Andrena_violae,95.33794079,59.04027415,131.6356074
100453,Andrena_violae,94.43330144,58.96459712,129.9020058
100454,Andrena_violae,115.3091239,78.61771607,152.0005316
100455,Andrena_violae,116.6900109,80.72531901,152.6547027
100456,Andrena_violae,112.1463794,76.92803723,147.3647215
100457,Andrena_violae,111.246652,76.20300848,146.2902956
100458,Andrena_violae,115.5807875,80.39532247,150.7662526
100459,Andrena_violae,113.5988642,77.27643687,149.9212916
100460,Andrena_violae,114.1185764,77.86940163,150.3677511
100461,Andrena_violae,118.8950116,82.86409007,154.9259331
100462,Andrena_violae,112.2261785,75.66371319,148.7886438
100463,Andrena_violae,99.94029293,60.85260879,139.0279771
100464,Andrena_violae,97.32958472,58.26635931,136.3928101
100465,Andrena_violae,97.14495469,58.42530333,135.864606
100466,Andrena_violae,98.59971418,60.40672663,136.7927017
100467,Andrena_violae,97.28120289,59.54577537,135.0166304
100468,Andrena_violae,95.03456966,57.22233988,132.8467994
100469,Andrena_violae,97.18101361,59.26910678,135.0929204
100470,Andrena_violae,96.65726864,58.84705543,134.4674818
100471,Andrena_violae,96.37984872,58.72741348,134.032284
100472,Andrena_violae,125.5669616,88.18813453,162.9457886
100473,Andrena_violae,117.7865716,81.93775842,153.6353848
100474,Andrena_violae,116.4616984,80.47096777,152.452429
100475,Andrena_violae,120.3590084,83.76174301,156.9562739
100476,Andrena_violae,118.93343,82.62887479,155.2379853
100477,Andrena_violae,113.6420174,77.47910592,149.8049289
100478,Andrena_violae,114.2154556,78.12877695,150.3021343
100479,Andrena_violae,113.2640458,76.76918863,149.758903
100480,Andrena_violae,105.4114332,67.45396128,143.3689052
100481,Andrena_violae,101.9030437,61.78384182,142.0222455
100482,Andrena_violae,101.5627916,61.94165295,141.1839303
100483,Andrena_violae,100.9009791,61.84790749,139.9540508
100484,Andrena_violae,96.79421257,57.76114307,135.8272821
100485,Andrena_violae,97.23807786,58.26791531,136.2082404
100486,Andrena_violae,97.92850393,59.09905136,136.7579565
100487,Andrena_violae,95.99730873,57.4612705,134.533347
100488,Andrena_violae,95.30105108,56.85821994,133.7438822
100489,Andrena_violae,93.82181006,56.03697074,131.6066494
100490,Andrena_violae,116.7665325,79.21961215,154.3134528
100491,Andrena_violae,113.6147807,77.15973428,150.0698272
100492,Andrena_violae,114.2916692,77.89467491,150.6886636
100493,Andrena_violae,122.1391333,85.87431865,158.4039479
100494,Andrena_violae,118.8127135,82.73414333,154.8912836
100495,Andrena_violae,118.6774785,81.95859412,155.3963628
100496,Andrena_violae,113.6760624,77.73293538,149.6191894
100497,Andrena_violae,110.5406879,73.48948282,147.5918929
100498,Andrena_violae,107.2193542,69.12287571,145.3158326
100499,Andrena_violae,102.4324692,63.01653617,141.8484023
100500,Andrena_violae,101.9989251,63.21774845,140.7801017
100501,Andrena_violae,97.88542716,58.34289831,137.427956
100502,Andrena_violae,98.64682251,59.10866062,138.1849844
100503,Andrena_violae,98.07008602,58.46251922,137.6776528
100504,Andrena_violae,95.71733914,56.78196658,134.6527117
100505,Andrena_violae,94.97314707,56.57369835,133.3725958
100506,Andrena_violae,95.29284843,57.30567853,133.2800183
100507,Andrena_violae,97.78767087,61.19837392,134.3769678
100508,Andrena_violae,113.0553424,76.51839289,149.5922919
100509,Andrena_violae,114.324785,77.7865386,150.8630315
100510,Andrena_violae,123.6592942,87.09652689,160.2220615
100511,Andrena_violae,118.9461698,82.47025344,155.4220861
100512,Andrena_violae,118.5373115,81.6839177,155.3907053
100513,Andrena_violae,123.5663926,86.73038278,160.4024025
100514,Andrena_violae,114.1689475,78.26269972,150.0751952
100515,Andrena_violae,119.9508422,84.16030826,155.7413761
100516,Andrena_violae,108.0075027,70.50782647,145.5071789
100517,Andrena_violae,101.3136507,62.44156024,140.1857412
100518,Andrena_violae,99.35752136,59.740358,138.9746847
100519,Andrena_violae,100.2264532,60.27591787,140.1769886
100520,Andrena_violae,98.11990418,57.07930798,139.1605004
100521,Andrena_violae,96.43665242,56.2052399,136.6680649
100522,Andrena_violae,96.39377212,57.77788618,135.0096581
100523,Andrena_violae,97.52603456,59.68573066,135.3663385
100524,Andrena_violae,111.5960761,75.82816031,147.3639918
100525,Andrena_violae,117.149518,80.37458549,153.9244504
100526,Andrena_violae,125.0870979,86.95361472,163.2205811
100527,Andrena_violae,124.7479981,87.67253177,161.8234644
100528,Andrena_violae,122.280529,84.88738895,159.6736691
100529,Andrena_violae,119.4633517,82.02006232,156.906641
100530,Andrena_violae,113.8780802,77.2566795,150.499481
100531,Andrena_violae,113.5897737,76.26573888,150.9138085
100532,Andrena_violae,119.3184496,81.76665331,156.8702459
100533,Andrena_violae,111.1372637,74.01805933,148.2564681
100534,Andrena_violae,100.8857621,60.62778253,141.1437416
100535,Andrena_violae,99.23450084,57.809771,140.6592307
100536,Andrena_violae,100.0315545,59.5768626,140.4862464
100537,Andrena_violae,99.36717704,60.3245188,138.4098353
100538,Andrena_violae,98.33372118,60.11848096,136.5489614
100539,Andrena_violae,99.74592827,62.09257487,137.3992817
100540,Andrena_violae,104.6344434,67.51645296,141.7524338
100541,Andrena_violae,103.9530876,68.93504712,138.971128
100542,Andrena_violae,113.0881231,76.34016218,149.836084
100543,Andrena_violae,111.8550628,75.24852189,148.4616036
100544,Andrena_violae,113.0415583,75.8900124,150.1931042
100545,Andrena_violae,117.5026388,79.83135033,155.1739273
100546,Andrena_violae,123.2332515,85.60944909,160.857054
100547,Andrena_violae,134.7614601,95.965239,173.5576812
100548,Andrena_violae,128.5995343,90.54744512,166.6516235
100549,Andrena_violae,113.5097793,76.0863154,150.9332433
100550,Andrena_violae,116.6593206,79.81461965,153.5040215
100551,Andrena_violae,114.2394234,76.47867654,152.0001702
100552,Andrena_violae,114.1658842,77.83049232,150.5012761
100553,Andrena_violae,106.3057935,69.14812689,143.4634601
100554,Andrena_violae,101.1813298,60.15310354,142.2095561
100555,Andrena_violae,101.3909765,61.06794201,141.7140111
100556,Andrena_violae,100.678192,61.9548967,139.4014872
100557,Andrena_violae,102.1738481,64.28839931,140.0592969
100558,Andrena_violae,98.85572131,60.97746074,136.7339819
100559,Andrena_violae,104.9250456,71.70503847,138.1450527
100560,Andrena_violae,105.4674558,71.26951701,139.6653946
100561,Andrena_violae,112.1517936,75.41859549,148.8849916
100562,Andrena_violae,112.4874435,75.30392874,149.6709582
100563,Andrena_violae,109.9881105,73.2346321,146.741589
100564,Andrena_violae,116.1209215,78.49086179,153.7509812
100565,Andrena_violae,120.1338189,81.90438076,158.3632571
100566,Andrena_violae,127.0972468,88.64518693,165.5493066
100567,Andrena_violae,141.3954178,99.70282155,183.088014
100568,Andrena_violae,129.5393311,90.48192871,168.5967335
100569,Andrena_violae,122.8784452,84.76620949,160.9906808
100570,Andrena_violae,121.5120599,83.91831957,159.1058001
100571,Andrena_violae,113.5160481,76.18878901,150.8433073
100572,Andrena_violae,120.7113785,85.00878138,156.4139757
100573,Andrena_violae,106.1826694,67.3064173,145.0589215
100574,Andrena_violae,102.3770742,62.78334405,141.9708043
100575,Andrena_violae,103.0807803,64.62512334,141.5364373
100576,Andrena_violae,105.9342662,69.9666995,141.9018329
100577,Andrena_violae,100.7040693,63.86800471,137.5401338
100578,Andrena_violae,103.5750232,67.30582613,139.8442203
100579,Andrena_violae,103.01456,67.95810458,138.0710155
100580,Andrena_violae,106.2157265,71.13280923,141.2986438
100581,Andrena_violae,114.1639684,76.08234819,152.2455886
100582,Andrena_violae,112.5955139,75.28289408,149.9081338
100583,Andrena_violae,116.8846574,78.78280468,154.9865101
100584,Andrena_violae,120.3419754,81.72848379,158.9554671
100585,Andrena_violae,121.6292865,83.17275961,160.0858133
100586,Andrena_violae,138.5786747,96.26151043,180.8958389
100587,Andrena_violae,137.1125531,96.33419431,177.8909119
100588,Andrena_violae,130.4951147,91.51567561,169.4745537
100589,Andrena_violae,120.3701148,81.85895354,158.8812761
100590,Andrena_violae,120.377481,82.41947535,158.3354867
100591,Andrena_violae,117.4822788,79.68370444,155.2808531
100592,Andrena_violae,115.441014,77.15350493,153.7285231
100593,Andrena_violae,107.6895918,69.31211929,146.0670643
100594,Andrena_violae,108.0787065,70.11426114,146.0431518
100595,Andrena_violae,103.8016887,69.74775022,137.8556272
100596,Andrena_violae,101.7293935,66.11324029,137.3455467
100597,Andrena_violae,104.5655504,67.5830888,141.548012
100598,Andrena_violae,103.578453,66.78504575,140.3718603
100599,Andrena_violae,108.068635,72.25387272,143.8833973
100600,Andrena_violae,116.0125511,77.37641296,154.6486892
100601,Andrena_violae,120.1247984,81.36435577,158.885241
100602,Andrena_violae,121.2374567,83.00334927,159.4715642
100603,Andrena_violae,120.6190328,82.71093323,158.5271323
100604,Andrena_violae,123.9380582,86.10246141,161.773655
100605,Andrena_violae,129.4761791,90.34479554,168.6075626
100606,Andrena_violae,138.5807284,98.06284203,179.0986148
100607,Andrena_violae,112.7443616,74.07653383,151.4121894
100608,Andrena_violae,123.0557492,86.26700098,159.8444975
100609,Andrena_violae,119.8229363,81.52490667,158.1209658
100610,Andrena_violae,111.8616277,73.58556632,150.137689
100611,Andrena_violae,107.8701349,70.90988231,144.8303875
100612,Andrena_violae,109.1587439,71.33028811,146.9871997
100613,Andrena_violae,103.9614522,67.49039446,140.4325098
100614,Andrena_violae,100.4886489,65.00823136,135.9690665
100615,Andrena_violae,109.8303467,73.28015627,146.3805372
100616,Andrena_violae,103.4970216,66.20705023,140.786993
100617,Andrena_violae,122.6302598,84.75349995,160.5070197
100618,Andrena_violae,125.321406,88.61269925,162.0301128
100619,Andrena_violae,124.3768415,86.47374253,162.2799404
100620,Andrena_violae,122.7193448,84.9301955,160.5084941
100621,Andrena_violae,125.2424842,86.78812657,163.6968419
100622,Andrena_violae,133.7095959,94.14674887,173.272443
100623,Andrena_violae,123.7940439,84.7987472,162.7893406
100624,Andrena_violae,120.1957532,82.12863654,158.2628698
100625,Andrena_violae,138.5059349,102.348114,174.6637559
100626,Andrena_violae,119.7309642,81.9367338,157.5251947
100627,Andrena_violae,104.898862,67.69268356,142.1050404
100628,Andrena_violae,113.3763624,77.14811402,149.6046107
100629,Andrena_violae,106.1786506,69.42931389,142.9279873
100630,Andrena_violae,102.3957951,65.04309297,139.7484973
100631,Andrena_violae,106.828325,69.21947369,144.4371763
100632,Andrena_violae,102.8262696,64.41883322,141.2337059
100633,Andrena_violae,113.7538678,76.403675,151.1040606
100634,Andrena_violae,126.2463348,88.01106321,164.4816065
100635,Andrena_violae,130.5575773,90.29262156,170.8225331
100636,Andrena_violae,126.2723378,87.63729803,164.9073776
100637,Andrena_violae,125.2585542,87.28167144,163.235437
100638,Andrena_violae,131.7858838,92.53509585,171.0366718
100639,Andrena_violae,131.0998503,91.34207687,170.8576238
100640,Andrena_violae,123.0293191,84.82146169,161.2371766
100641,Andrena_violae,132.2170841,95.00101147,169.4331568
100642,Andrena_violae,128.1043873,90.80041099,165.4083637
100643,Andrena_violae,115.1961618,78.6158536,151.7764699
100644,Andrena_violae,118.4118504,82.18540767,154.6382931
100645,Andrena_violae,108.8048327,72.58440929,145.0252561
100646,Andrena_violae,109.433692,73.05396774,145.8134163
100647,Andrena_violae,115.7618762,79.60236724,151.9213852
100648,Andrena_violae,107.8184767,69.65186586,145.9850876
100649,Andrena_violae,101.0934946,61.25613812,140.9308511
100650,Andrena_violae,106.1544314,67.87082093,144.4380418
100651,Andrena_violae,113.9307275,76.36751568,151.4939393
100652,Andrena_violae,113.9636137,76.56857345,151.3586539
100653,Andrena_violae,131.1930872,90.51357438,171.8726
100654,Andrena_violae,126.9471376,87.40939729,166.484878
100655,Andrena_violae,124.7022736,86.54820832,162.8563389
100656,Andrena_violae,136.0919974,95.38960048,176.7943942
100657,Andrena_violae,135.3600167,94.99847028,175.721563
100658,Andrena_violae,130.879627,91.78747127,169.9717828
100659,Andrena_violae,128.6832052,90.00294378,167.3634666
100660,Andrena_violae,128.8356793,89.7878748,167.8834838
100661,Andrena_violae,118.9034731,80.89446744,156.9124788
100662,Andrena_violae,121.0999563,82.66190235,159.5380103
100663,Andrena_violae,109.6495938,71.84196486,147.4572227
100664,Andrena_violae,112.7327329,74.53443911,150.9310267
100665,Andrena_violae,113.925249,74.84536114,153.0051368
100666,Andrena_violae,112.9691582,73.560683,152.3776334
100667,Andrena_violae,106.1958638,67.6179843,144.7737433
100668,Andrena_violae,106.2541449,68.51913782,143.9891519
100669,Andrena_violae,109.7892916,71.83029225,147.748291
100670,Andrena_violae,111.6634258,74.49310678,148.8337449
100671,Andrena_violae,113.7617179,76.18462335,151.3388125
100672,Andrena_violae,127.6933005,87.57102643,167.8155747
100673,Andrena_violae,128.2830483,87.78554651,168.7805501
100674,Andrena_violae,125.6361559,86.88472469,164.3875872
100675,Andrena_violae,132.5603281,91.98553292,173.1351232
100676,Andrena_violae,144.3994343,100.9684195,187.830449
100677,Andrena_violae,131.3175503,92.09365438,170.5414463
100678,Andrena_violae,128.4071283,89.21604602,167.5982106
100679,Andrena_violae,129.7799258,90.73419658,168.8256551
100680,Andrena_violae,123.0715836,84.3162129,161.8269543
100681,Andrena_violae,120.1720369,81.71874622,158.6253277
100682,Andrena_violae,112.6243341,73.886288,151.3623801
100683,Andrena_violae,110.8429545,71.44104871,150.2448604
100684,Andrena_violae,114.2891586,75.20093334,153.3773839
100685,Andrena_violae,113.9439653,74.7351074,153.1528231
100686,Andrena_violae,112.8497698,73.45556426,152.2439754
100687,Andrena_violae,111.085865,72.28888029,149.8828497
100688,Andrena_violae,108.0850076,68.32214965,147.8478655
100689,Andrena_violae,108.3473868,69.5929645,147.1018091
100690,Andrena_violae,113.0048345,74.27691723,151.7327518
100691,Andrena_violae,128.4762044,88.44538403,168.5070248
100692,Andrena_violae,123.8566904,84.64831303,163.0650679
100693,Andrena_violae,130.5096188,90.64313554,170.376102
100694,Andrena_violae,135.798442,95.52433392,176.0725502
100695,Andrena_violae,134.8190986,95.71019895,173.9279982
100696,Andrena_violae,131.9089177,93.14077327,170.6770622
100697,Andrena_violae,128.5797126,89.41013223,167.749293
100698,Andrena_violae,124.6372307,85.68536188,163.5890996
100699,Andrena_violae,121.6525218,82.90746566,160.3975779
100700,Andrena_violae,115.8824727,77.38485193,154.3800934
100701,Andrena_violae,118.8975089,79.63386065,158.1611571
100702,Andrena_violae,118.4115124,79.69268043,157.1303444
100703,Andrena_violae,114.5323667,75.05621637,154.0085169
100704,Andrena_violae,117.6745148,79.14188468,156.207145
100705,Andrena_violae,117.7623354,78.71783124,156.8068396
100706,Andrena_violae,111.5182581,72.22355845,150.8129577
100707,Andrena_violae,106.7676747,66.1698637,147.3654856
100708,Andrena_violae,107.5983157,67.65828436,147.5383471
100709,Andrena_violae,125.7901449,86.80192852,164.7783612
100710,Andrena_violae,127.5293923,88.50141174,166.5573729
100711,Andrena_violae,130.0468086,90.87458832,169.2190288
100712,Andrena_violae,130.4723915,91.70108973,169.2436932
100713,Andrena_violae,137.7361937,97.38709206,178.0852954
100714,Andrena_violae,136.4021633,96.05807543,176.7462512
100715,Andrena_violae,132.2672137,92.34560804,172.1888194
100716,Andrena_violae,127.7333659,88.34855016,167.1181817
100717,Andrena_violae,126.0490808,86.04075268,166.0574089
100718,Andrena_violae,123.895324,83.98185982,163.8087882
100719,Andrena_violae,128.8665077,88.38196681,169.3510486
100720,Andrena_violae,129.2403103,88.89637812,169.5842425
100721,Andrena_violae,124.5260642,84.75972531,164.292403
100722,Andrena_violae,122.8096692,83.98244043,161.6368979
100723,Andrena_violae,121.3374659,82.61148413,160.0634477
100724,Andrena_violae,115.3392711,75.11460463,155.5639377
100725,Andrena_violae,105.8681806,65.09057573,146.6457855
100726,Andrena_violae,102.6933431,61.87971037,143.5069759
100727,Andrena_violae,109.6183943,69.98040466,149.2563839
100728,Andrena_violae,129.5387643,89.90328614,169.1742424
100729,Andrena_violae,132.4305922,92.55590762,172.3052768
100730,Andrena_violae,131.8086702,92.43401545,171.183325
100731,Andrena_violae,132.7684005,93.19043906,172.3463619
100732,Andrena_violae,136.2713508,96.3666482,176.1760534
100733,Andrena_violae,135.3337338,94.80957708,175.8578904
100734,Andrena_violae,136.040723,95.75535902,176.326087
100735,Andrena_violae,129.2929573,89.31929165,169.2666229
100736,Andrena_violae,134.3886799,94.21316939,174.5641905
100737,Andrena_violae,128.3985714,88.1167348,168.6804079
100738,Andrena_violae,126.3707276,86.12722148,166.6142338
100739,Andrena_violae,128.4559522,88.74482843,168.167076
100740,Andrena_violae,131.5750589,92.65211011,170.4980077
100741,Andrena_violae,134.4799056,95.5936588,173.3661524
100742,Andrena_violae,136.4392558,98.2552277,174.623284
100743,Andrena_violae,124.1830803,83.95548073,164.4106799
100744,Andrena_violae,115.0786242,74.13208425,156.0251642
100745,Andrena_violae,107.3805451,65.37165064,149.3894395
100746,Andrena_violae,111.0165266,72.46245601,149.5705972
100747,Andrena_violae,119.6069267,82.33858854,156.8752649
100748,Andrena_violae,123.3784777,85.76967725,160.9872782
100749,Andrena_violae,120.3837873,83.13398171,157.6335928
100750,Andrena_violae,134.090024,93.93446914,174.2455788
100751,Andrena_violae,133.9714374,94.12108528,173.8217895
100752,Andrena_violae,135.5213713,95.08215729,175.9605853
100753,Andrena_violae,136.5409416,96.04378822,177.038095
100754,Andrena_violae,136.0842793,96.4296779,175.7388808
100755,Andrena_violae,138.2519063,98.74951376,177.7542988
100756,Andrena_violae,137.8228651,97.56674548,178.0789847
100757,Andrena_violae,133.8632792,94.31074852,173.4158099
100758,Andrena_violae,133.1696093,93.17204637,173.1671722
100759,Andrena_violae,133.4578078,92.95236421,173.9632514
100760,Andrena_violae,131.3141953,91.31492248,171.313468
100761,Andrena_violae,132.6527295,93.41724843,171.8882105
100762,Andrena_violae,130.6068706,92.00428704,169.2094542
100763,Andrena_violae,142.7054755,103.4936957,181.9172553
100764,Andrena_violae,144.7463073,105.2271191,184.2654955
100765,Andrena_violae,129.2967214,90.06536803,168.5280748
100766,Andrena_violae,118.673318,77.10721656,160.2394194
100767,Andrena_violae,113.94814,71.39033603,156.5059441
100768,Andrena_violae,112.2042804,71.6405235,152.7680374
100769,Andrena_violae,115.398577,74.77965065,156.0175034
100770,Andrena_violae,135.3109524,95.53366058,175.0882442
100771,Andrena_violae,136.5013653,96.00490607,176.9978245
100772,Andrena_violae,138.619868,97.56849689,179.6712391
100773,Andrena_violae,140.3793114,98.97253016,181.7860927
100774,Andrena_violae,140.5357003,99.55925153,181.512149
100775,Andrena_violae,140.8495315,99.41139334,182.2876696
100776,Andrena_violae,140.5299071,99.14092187,181.9188923
100777,Andrena_violae,139.3944025,98.33203146,180.4567735
100778,Andrena_violae,144.0790792,102.1342229,186.0239355
100779,Andrena_violae,140.5262241,99.57299208,181.4794562
100780,Andrena_violae,145.5492998,103.5077178,187.5908817
100781,Andrena_violae,146.1266634,105.7948776,186.4584492
100782,Andrena_violae,135.667812,96.91659892,174.4190251
100783,Andrena_violae,137.3612423,98.45068437,176.2718003
100784,Andrena_violae,138.4342426,97.67854757,179.1899377
100785,Andrena_violae,131.0489163,90.89508523,171.2027473
100786,Andrena_violae,117.1179068,75.32493566,158.9108779
100787,Andrena_violae,113.0077007,69.94995197,156.0654494
100788,Andrena_violae,115.5652855,73.67769128,157.4528798
100789,Andrena_violae,120.3596448,79.29186282,161.4274267
100790,Andrena_violae,123.6388559,85.86019133,161.4175204
100791,Andrena_violae,123.1160817,86.92865086,159.3035126
100792,Andrena_violae,120.4813252,83.55020563,157.4124448
100793,Andrena_violae,115.0324994,77.73786237,152.3271365
100794,Andrena_violae,115.0203569,75.35531487,154.685399
100795,Andrena_violae,139.8131579,98.93100293,180.6953128
100796,Andrena_violae,138.8828872,98.61431933,179.1514551
100797,Andrena_violae,140.0391149,98.88269953,181.1955302
100798,Andrena_violae,140.3559269,98.53189256,182.1799613
100799,Andrena_violae,144.2586874,102.7818889,185.7354859
100800,Andrena_violae,150.7557176,108.0626418,193.4487935
100801,Andrena_violae,144.7199414,103.5827924,185.8570904
100802,Andrena_violae,147.6512532,106.0615386,189.2409679
100803,Andrena_violae,141.3107946,100.6986448,181.9229444
100804,Andrena_violae,142.7247676,102.0261164,183.4234187
100805,Andrena_violae,138.8741956,98.68591926,179.062472
100806,Andrena_violae,132.9471139,92.85170444,173.0425234
100807,Andrena_violae,136.3785285,96.49638191,176.260675
100808,Andrena_violae,138.9865011,99.15514291,178.8178592
100809,Andrena_violae,137.5880952,96.90119502,178.2749955
100810,Andrena_violae,131.2694851,90.59398416,171.9449861
100811,Andrena_violae,126.485629,86.00784146,166.9634166
100812,Andrena_violae,122.0539693,81.20621969,162.9017189
100813,Andrena_violae,119.2988829,77.09144904,161.5063168
100814,Andrena_violae,123.957791,83.34773846,164.5678435
100815,Andrena_violae,128.7361808,89.78971833,167.6826433
100816,Andrena_violae,125.5257898,87.49952431,163.5520553
100817,Andrena_violae,120.1592984,79.73547059,160.5831262
100818,Andrena_violae,114.0467898,74.92185717,153.1717223
100819,Andrena_violae,115.4086146,75.44487604,155.3723531
100820,Andrena_violae,113.249183,74.13952431,152.3588416
100821,Andrena_violae,115.0202844,75.66019434,154.3803745
100822,Andrena_violae,119.3734181,80.76011685,157.9867193
100823,Andrena_violae,137.5003278,97.61811182,177.3825437
100824,Andrena_violae,140.187964,99.9374564,180.4384717
100825,Andrena_violae,139.4390322,98.91494625,179.9631181
100826,Andrena_violae,138.5708899,98.10337589,179.0384039
100827,Andrena_violae,142.3433816,102.1600201,182.5267431
100828,Andrena_violae,140.791023,101.2104028,180.3716432
100829,Andrena_violae,144.5752719,104.6320845,184.5184592
100830,Andrena_violae,142.1951169,102.8576249,181.5326089
100831,Andrena_violae,136.6037413,96.53513544,176.6723471
100832,Andrena_violae,137.2923666,97.97310852,176.6116247
100833,Andrena_violae,134.6298122,94.88707518,174.3725492
100834,Andrena_violae,133.4731309,93.13736704,173.8088948
100835,Andrena_violae,137.7211545,97.86478048,177.5775285
100836,Andrena_violae,137.7361996,98.16121483,177.3111844
100837,Andrena_violae,137.6268861,97.15943767,178.0943345
100838,Andrena_violae,142.5200052,101.6163374,183.423673
100839,Andrena_violae,143.2732998,101.8731481,184.6734516
100840,Andrena_violae,135.5939826,94.67667406,176.5112912
100841,Andrena_violae,124.0561339,82.10409807,166.0081697
100842,Andrena_violae,124.2797576,82.58260201,165.9769132
100843,Andrena_violae,133.6270133,93.45153867,173.802488
100844,Andrena_violae,127.0899578,89.13030476,165.0496108
100845,Andrena_violae,123.8636182,83.44756789,164.2796685
100846,Andrena_violae,119.5617396,78.43360492,160.6898742
100847,Andrena_violae,120.0864705,80.96589733,159.2070437
100848,Andrena_violae,117.7910337,78.36379259,157.2182747
100849,Andrena_violae,116.9457223,76.2751752,157.6162695
100850,Andrena_violae,138.275503,98.0391939,178.5118121
100851,Andrena_violae,143.6912798,102.8654592,184.5171004
100852,Andrena_violae,144.8739087,104.2854656,185.4623519
100853,Andrena_violae,145.6953233,105.4025142,185.9881324
100854,Andrena_violae,144.1463154,104.1906472,184.1019836
100855,Andrena_violae,139.5258609,100.6403555,178.4113663
100856,Andrena_violae,135.5334499,95.62386413,175.4430357
100857,Andrena_violae,136.8930726,96.8073934,176.9787518
100858,Andrena_violae,141.5949149,100.1101997,183.0796301
100859,Andrena_violae,139.1764153,98.43620938,179.9166213
100860,Andrena_violae,132.8603364,92.06394613,173.6567268
100861,Andrena_violae,135.6082101,96.44296178,174.7734584
100862,Andrena_violae,140.0581654,100.0676404,180.0486903
100863,Andrena_violae,142.8095633,101.9368415,183.6822852
100864,Andrena_violae,136.9219393,95.64557025,178.1983084
100865,Andrena_violae,144.5314752,103.5020426,185.5609079
100866,Andrena_violae,123.1544237,82.66836188,163.6404856
100867,Andrena_violae,133.4072924,92.45594216,174.3586427
100868,Andrena_violae,136.6025347,96.28539459,176.9196747
100869,Andrena_violae,127.5991974,87.42517513,167.7732197
100870,Andrena_violae,128.0871529,88.95238742,167.2219184
100871,Andrena_violae,126.0993343,86.96467919,165.2339895
100872,Andrena_violae,119.2113791,79.07648149,159.3462768
100873,Andrena_violae,119.590508,79.90713567,159.2738803
100874,Andrena_violae,119.9433008,80.78190209,159.1046996
100875,Andrena_violae,139.1179779,98.77728033,179.4586755
100876,Andrena_violae,143.0897376,102.3984775,183.7809977
100877,Andrena_violae,148.8352238,107.0935046,190.576943
100878,Andrena_violae,142.2795502,101.8159721,182.7431283
100879,Andrena_violae,137.5845871,97.13774795,178.0314263
100880,Andrena_violae,141.9035358,100.7021537,183.104918
100881,Andrena_violae,134.2393537,93.25443142,175.2242761
100882,Andrena_violae,134.8723664,93.86535549,175.8793772
100883,Andrena_violae,140.6908928,99.79511964,181.586666
100884,Andrena_violae,140.4311279,100.546815,180.3154408
100885,Andrena_violae,138.9237364,99.55795251,178.2895202
100886,Andrena_violae,136.7667469,96.70427371,176.82922
100887,Andrena_violae,138.5460306,99.31616034,177.7759009
100888,Andrena_violae,136.8577264,96.81469297,176.9007598
100889,Andrena_violae,131.8544205,90.24158086,173.4672602
100890,Andrena_violae,126.3381623,85.56585677,167.1104678
100891,Andrena_violae,136.6840941,96.24024952,177.1279388
100892,Andrena_violae,139.9324999,100.0826073,179.7823925
100893,Andrena_violae,133.7420878,93.27096072,174.2132148
100894,Andrena_violae,136.9241817,98.51977914,175.3285842
100895,Andrena_violae,133.0553205,94.45423154,171.6564095
100896,Andrena_violae,120.1616621,80.54209156,159.7812327
100897,Andrena_violae,120.0704102,80.05030925,160.0905111
100898,Andrena_violae,121.2916104,82.58746177,159.9957591
100899,Andrena_violae,140.9975122,99.17318536,182.8218391
100900,Andrena_violae,144.2138044,102.6269446,185.8006641
100901,Andrena_violae,141.639588,100.4152911,182.8638848
100902,Andrena_violae,132.0168351,91.21682834,172.8168419
100903,Andrena_violae,136.6138468,95.8770276,177.3506659
100904,Andrena_violae,128.3545308,87.82831593,168.8807456
100905,Andrena_violae,129.9527483,89.68606932,170.2194274
100906,Andrena_violae,141.7603858,100.3880498,183.1327218
100907,Andrena_violae,142.3051083,101.3030228,183.3071937
100908,Andrena_violae,138.8779254,98.63191497,179.1239358
100909,Andrena_violae,136.6994787,97.04461478,176.3543426
100910,Andrena_violae,140.1610756,100.406554,179.9155973
100911,Andrena_violae,130.4356267,89.86628316,171.0049703
100912,Andrena_violae,125.4902827,83.28291401,167.6976513
100913,Andrena_violae,125.2843576,83.78870784,166.7800073
100914,Andrena_violae,134.6153724,94.59146588,174.6392789
100915,Andrena_violae,138.1135692,96.75433274,179.4728056
100916,Andrena_violae,136.2174699,93.95009151,178.4848483
100917,Andrena_violae,132.8429835,93.17571416,172.5102528
100918,Andrena_violae,134.7889567,95.41263072,174.1652828
100919,Andrena_violae,126.3221929,86.78163373,165.862752
100920,Andrena_violae,122.8645286,82.55731358,163.1717436
100921,Andrena_violae,126.184332,87.30232008,165.0663439
100923,Andrena_violae,132.9410933,92.93813632,172.9440503
100924,Andrena_violae,133.3619704,92.9048433,173.8190974
100925,Andrena_violae,131.7200137,90.64317783,172.7968496
100926,Andrena_violae,127.7289188,86.83771025,168.6201274
100927,Andrena_violae,127.0003302,86.61261548,167.3880449
100928,Andrena_violae,130.072094,89.51984967,170.6243383
100929,Andrena_violae,135.8203986,94.82167045,176.8191267
100930,Andrena_violae,134.2289912,93.23884954,175.2191329
100931,Andrena_violae,136.6067944,95.42926633,177.7843226
100932,Andrena_violae,137.5628196,96.10393509,179.0217041
100933,Andrena_violae,139.1310579,98.56406523,179.6980505
100934,Andrena_violae,136.9011385,95.60375244,178.1985246
100935,Andrena_violae,134.4113773,93.38848711,175.4342675
100936,Andrena_violae,131.6649134,92.19068174,171.1391451
100937,Andrena_violae,133.9951968,93.31644885,174.6739448
100938,Andrena_violae,149.596967,106.4662893,192.7276448
100939,Andrena_violae,136.6942455,92.28200031,181.1064906
100940,Andrena_violae,128.7136463,86.91258821,170.5147044
100941,Andrena_violae,133.3011608,93.17238547,173.429936
100942,Andrena_violae,131.826764,91.64711531,172.0064128
100943,Andrena_violae,127.9120031,88.49040302,167.3336031
100944,Andrena_violae,129.7966313,89.7994808,169.7937817
100945,Andrena_violae,122.1648521,80.88646729,163.4432369
100946,Andrena_violae,129.4747663,89.12703554,169.8224971
100947,Andrena_violae,133.6338953,92.64604699,174.6217435
100948,Andrena_violae,131.8806848,90.27198152,173.489388
100949,Andrena_violae,131.2752654,91.02793259,171.5225983
100950,Andrena_violae,131.7904332,91.27919892,172.3016674
100951,Andrena_violae,135.9982836,95.12215964,176.8744075
100952,Andrena_violae,137.9795173,96.92574462,179.0332899
100953,Andrena_violae,137.7963349,96.80462044,178.7880494
100954,Andrena_violae,142.6985939,101.2416171,184.1555708
100955,Andrena_violae,146.367351,103.9262332,188.8084689
100956,Andrena_violae,151.7484992,108.5885375,194.908461
100957,Andrena_violae,145.7798642,103.9188146,187.6409138
100958,Andrena_violae,138.8014983,98.21951952,179.3834771
100959,Andrena_violae,136.8298945,95.44143034,178.2183586
100960,Andrena_violae,148.7126774,106.4185201,191.0068348
100961,Andrena_violae,134.729369,89.94353552,179.5152024
100962,Andrena_violae,128.6742278,85.78681621,171.5616393
100963,Andrena_violae,135.8604533,95.6269091,176.0939975
100964,Andrena_violae,137.9804081,97.44434252,178.5164736
100965,Andrena_violae,130.7705029,91.08830945,170.4526963
100966,Andrena_violae,128.716734,88.92691832,168.5065496
100967,Andrena_violae,129.1259208,88.94603606,169.3058056
100968,Andrena_violae,131.8862191,91.70244139,172.0699967
100969,Andrena_violae,146.6613994,104.2813682,189.0414305
100970,Andrena_violae,154.9919449,110.5464897,199.4374
100971,Andrena_violae,142.0111861,99.49508108,184.5272912
100972,Andrena_violae,151.2871731,107.8864814,194.6878647
100973,Andrena_violae,155.11137,112.8079857,197.4147543
100974,Andrena_violae,149.2210497,106.872227,191.5698725
100975,Andrena_violae,143.0528794,101.2969751,184.8087836
100976,Andrena_violae,138.9061758,98.02220471,179.7901469
100977,Andrena_violae,148.199309,105.7259633,190.6726548
100978,Andrena_violae,140.3488705,99.18795247,181.5097886
100979,Andrena_violae,129.526239,86.2988803,172.7535976
100980,Andrena_violae,136.5514721,95.56113047,177.5418138
100981,Andrena_violae,140.8814418,99.45987329,182.3030104
100982,Andrena_violae,127.1186897,84.91507922,169.3223003
100983,Andrena_violae,128.3644607,87.1994446,169.5294767
100984,Andrena_violae,130.1014447,89.55976189,170.6431276
100985,Andrena_violae,143.4758131,102.4762854,184.4753407
100986,Andrena_violae,153.2395492,110.7594293,195.719669
100987,Andrena_violae,140.218033,97.80859127,182.6274748
100988,Andrena_violae,147.1871126,104.5609167,189.8133084
100989,Andrena_violae,150.4948561,108.343123,192.6465892
100990,Andrena_violae,147.6040169,104.6133995,190.5946342
100991,Andrena_violae,147.8867142,105.3900504,190.383378
100992,Andrena_violae,134.5307038,92.40637734,176.6550303
100993,Andrena_violae,141.2321206,98.77885809,183.6853831
100994,Andrena_violae,139.7287262,95.02848765,184.4289647
100995,Andrena_violae,133.697174,87.88250386,179.5118441
100996,Andrena_violae,141.4733531,99.14479785,183.8019083
100997,Andrena_violae,144.0345547,100.9054155,187.163694
100998,Andrena_violae,135.5141492,91.11599121,179.9123071
100999,Andrena_violae,131.0248489,87.56247935,174.4872185
101000,Andrena_violae,133.1094214,91.63084728,174.5879955
101001,Andrena_violae,130.8648503,90.33481476,171.3948858
101002,Andrena_violae,129.3885101,87.60129716,171.1757231
101003,Andrena_violae,132.3254841,91.19675819,173.45421
101004,Andrena_violae,142.0041149,101.2954515,182.7127783
101005,Andrena_violae,145.8869513,104.9533097,186.8205929
101006,Andrena_violae,147.3832312,105.7282632,189.0381993
101007,Andrena_violae,145.8305261,104.3062906,187.3547615
101008,Andrena_violae,155.0425045,112.7116183,197.3733907
101009,Andrena_violae,161.2552795,117.2531046,205.2574544
101010,Andrena_violae,135.2703271,93.00593864,177.5347156
101011,Andrena_violae,138.6042396,95.26359364,181.9448855
101012,Andrena_violae,136.4522498,90.4086364,182.4958631
101013,Andrena_violae,134.9175478,88.82224811,181.0128474
101014,Andrena_violae,140.691119,97.66437424,183.7178637
101015,Andrena_violae,156.3523181,112.2223301,200.4823061
101016,Andrena_violae,149.9376103,105.8331341,194.0420865
101017,Andrena_violae,134.9454446,92.6235886,177.2673006
101018,Andrena_violae,134.9095232,93.95153271,175.8675136
101019,Andrena_violae,132.7614786,92.16900227,173.3539548
101020,Andrena_violae,132.5812674,91.58743284,173.5751019
101021,Andrena_violae,131.004489,89.92995034,172.0790277
101022,Andrena_violae,132.3520873,91.4250111,173.2791634
101023,Andrena_violae,135.9943293,95.45002922,176.5386294
101024,Andrena_violae,139.8245932,98.63106133,181.0181252
101025,Andrena_violae,147.9483462,106.2306354,189.6660569
101026,Andrena_violae,149.1207407,107.8923576,190.3491237
101027,Andrena_violae,147.6537285,106.1402064,189.1672505
101028,Andrena_violae,148.2685095,106.3856716,190.1513473
101029,Andrena_violae,148.8672064,107.0591298,190.675283
101030,Andrena_violae,135.5767895,92.57779963,178.5757794
101031,Andrena_violae,140.9275444,97.82745391,184.0276348
101032,Andrena_violae,139.5808108,96.20890304,182.9527186
101033,Andrena_violae,134.1049798,88.57953545,179.6304241
101034,Andrena_violae,139.1323722,95.98402182,182.2807226
101035,Andrena_violae,139.7829129,96.66415338,182.9016724
101036,Andrena_violae,158.1392024,113.4020751,202.8763297
101037,Andrena_violae,142.7304984,100.9794337,184.4815632
101038,Andrena_violae,135.8496684,92.39500378,179.304333
101039,Andrena_violae,137.2122459,96.90291232,177.5215795
101040,Andrena_violae,130.3619603,88.83872707,171.8851936
101041,Andrena_violae,131.5809523,90.63122212,172.5306825
101042,Andrena_violae,131.6483875,90.47521701,172.821558
101043,Andrena_violae,125.9087244,82.90502358,168.9124253
101044,Andrena_violae,124.4980058,80.65608425,168.3399274
101045,Andrena_violae,142.4244429,100.7094451,184.1394406
101046,Andrena_violae,143.0341791,101.1038265,184.9645317
101047,Andrena_violae,151.5643731,108.8904111,194.2383351
101048,Andrena_violae,146.2424155,104.7132557,187.7715754
101049,Andrena_violae,146.2673275,104.8761566,187.6584984
101050,Andrena_violae,137.6565578,95.87072599,179.4423896
101051,Andrena_violae,136.7998968,93.71297789,179.8868156
101052,Andrena_violae,141.0858018,98.69142972,183.4801738
101053,Andrena_violae,146.7464659,103.9621389,189.5307929
101054,Andrena_violae,137.6989719,92.22674765,183.1711961
101055,Andrena_violae,140.2918841,95.28201262,185.3017556
101056,Andrena_violae,141.4068562,98.49407776,184.3196347
101057,Andrena_violae,150.5723544,108.2267883,192.9179205
101058,Andrena_violae,156.711897,113.8906466,199.5331475
101059,Andrena_violae,143.7001047,101.9270087,185.4732007
101060,Andrena_violae,140.4619882,98.65013076,182.2738456
101061,Andrena_violae,135.0702044,93.61641115,176.5239976
101062,Andrena_violae,132.2710129,91.04534578,173.4966801
101063,Andrena_violae,129.395488,87.81529835,170.9756776
101064,Andrena_violae,127.3768488,84.46060176,170.2930958
101065,Andrena_violae,124.9180514,80.42152085,169.4145819
101066,Andrena_violae,125.7409849,81.17355818,170.3084115
101067,Andrena_violae,128.5612832,83.61859403,173.5039723
101068,Andrena_violae,139.8742336,97.70209151,182.0463756
101069,Andrena_violae,138.0928216,95.64254066,180.5431026
101070,Andrena_violae,138.031052,95.47088255,180.5912215
101071,Andrena_violae,140.1364271,98.31173729,181.961117
101072,Andrena_violae,135.8015115,93.95216103,177.6508619
101073,Andrena_violae,144.6251803,101.5900623,187.6602984
101074,Andrena_violae,139.2605619,97.25804543,181.2630784
101075,Andrena_violae,143.5146246,100.5991293,186.4301198
101076,Andrena_violae,143.9227847,99.30459884,188.5409705
101077,Andrena_violae,139.8074633,92.98014307,186.6347835
101078,Andrena_violae,146.1846701,101.1030557,191.2662845
101079,Andrena_violae,152.9946828,108.598601,197.3907645
101080,Andrena_violae,150.3553217,106.6613034,194.0493399
101081,Andrena_violae,162.9262811,118.4098193,207.4427428
101082,Andrena_violae,147.2164742,105.1957334,189.237215
101083,Andrena_violae,133.2113503,89.63642491,176.7862757
101084,Andrena_violae,134.9914628,92.85773483,177.1251907
101085,Andrena_violae,132.4355636,89.74717243,175.1239548
101086,Andrena_violae,129.2057495,86.26638475,172.1451143
101087,Andrena_violae,127.9365907,83.54212534,172.3310561
101088,Andrena_violae,129.4637104,84.43373497,174.4936858
101089,Andrena_violae,133.7941856,90.79647756,176.7918937
101090,Andrena_violae,137.2443366,95.01874496,179.4699282
101091,Andrena_violae,155.9636479,111.3713114,200.5559844
101092,Andrena_violae,147.1598465,101.710838,192.608855
101093,Andrena_violae,145.9117209,100.070816,191.7526259
101094,Andrena_violae,162.0323986,117.6906303,206.3741668
101095,Andrena_violae,145.8758864,103.7536624,187.9981104
101096,Andrena_violae,141.3092935,99.10251962,183.5160674
101097,Andrena_violae,136.4168536,93.55259196,179.2811152
101098,Andrena_violae,135.6419799,93.72884996,177.5551098
101099,Andrena_violae,133.4196397,90.47696213,176.3623172
101100,Andrena_violae,133.0657862,88.71170425,177.4198681
101101,Andrena_violae,135.2728251,92.26429045,178.2813597
101102,Andrena_violae,136.780089,94.22004766,179.3401304
101103,Andrena_violae,151.7340362,107.6862245,195.7818479
101104,Andrena_violae,148.2039462,104.4247219,191.9831705
101105,Andrena_violae,146.2541376,103.3104535,189.1978217
101106,Andrena_violae,150.1731567,108.5479454,191.7983679
101107,Andrena_violae,143.1091127,101.2681488,184.9500766
101108,Andrena_violae,139.2856057,96.73837095,181.8328405
101109,Andrena_violae,138.2483346,95.44819465,181.0484745
101110,Andrena_violae,137.4800202,94.31701804,180.6430224
101111,Andrena_violae,136.672919,93.30445999,180.041378
101112,Andrena_violae,148.360724,105.0773204,191.6441277
101113,Andrena_violae,150.3637275,107.2459269,193.4815281
101114,Andrena_violae,145.1703378,100.814508,189.5261676
101115,Andrena_violae,150.240563,107.3151333,193.1659927
101116,Andrena_violae,153.2440673,110.7967754,195.6913592
101117,Andrena_violae,140.7694261,98.21739816,183.3214541
101118,Andrena_violae,140.0191531,96.9414987,183.0968075
101119,Andrena_violae,139.1135008,95.05419414,183.1728074
101120,Andrena_violae,137.3758105,92.98522069,181.7664003
101121,Andrena_violae,155.2254295,112.5876672,197.8631917
101122,Andrena_violae,149.2902155,104.9647357,193.6156953
101123,Andrena_violae,146.0883546,101.5577748,190.6189344
101124,Andrena_violae,150.6954667,107.354164,194.0367693
101125,Andrena_violae,152.681338,110.6271424,194.7355335
101126,Andrena_violae,143.4588808,101.1909285,185.726833
101127,Andrena_violae,140.9014096,97.03061919,184.7721999
101128,Andrena_violae,150.3439488,105.9039202,194.7839775
101129,Andrena_violae,148.5326613,104.0594018,193.0059207
101130,Andrena_violae,145.4925609,101.0646424,189.9204793
101131,Andrena_violae,147.5568185,103.0690955,192.0445416
101132,Andrena_violae,150.0843263,108.1982057,191.970447
101133,Andrena_violae,148.480725,107.8896173,189.0718328
101134,Andrena_violae,139.9468931,97.4309744,182.4628118
101135,Andrena_violae,144.1901848,97.49151811,190.8888514
101136,Andrena_violae,143.5146417,97.13895694,189.8903264
101137,Andrena_violae,147.4933488,103.2901651,191.6965324
101138,Andrena_violae,148.1566716,105.8145707,190.4987725
101139,Andrena_violae,145.9816448,104.6207776,187.3425119
101140,Andrena_violae,146.6134398,104.5341162,188.6927634
101141,Andrena_violae,141.0040876,92.26501683,189.7431584
101142,Andrena_violae,135.7297104,84.78586356,186.6735573
101143,Andrena_violae,147.8788838,103.9166087,191.841159
101144,Andrena_violae,149.4891552,106.8579017,192.1204088
101145,Andrena_violae,145.9385142,102.3706949,189.5063334
101146,Andrena_violae,144.663724,101.6230395,187.7044085
101147,Andrena_violae,145.5129186,98.4012719,192.6245652
101148,Andrena_violae,142.8306243,94.95808739,190.7031612
101149,Andrena_violae,147.6362014,103.5385342,191.7338687
101150,Andrena_violae,148.4235394,106.7203167,190.1267621
101151,Andrena_violae,146.4089206,104.0745202,188.743321
101152,Andrena_violae,144.1911773,100.7499464,187.6324081
101153,Andrena_violae,144.7889126,98.14285084,191.4349743
101154,Andrena_violae,138.981925,89.53001911,188.4338308
101155,Andrena_violae,145.3784774,102.5688153,188.1881395
101156,Andrena_violae,144.7168735,100.5489096,188.8848375
101157,Andrena_violae,142.803411,97.7374287,187.8693933
101158,Andrena_violae,147.6926391,102.3044959,193.0807824
