Gridcode,longitude,latitude,altitude
100001,-80.982,25.316,4.522
100002,-80.634,25.329,4.734
100003,-80.987,25.637,3.936
100004,-80.628,25.637,5.599
100005,-80.339,25.669,8.336
100006,-81.344,25.963,6.916
100007,-80.987,25.961,6.865
100008,-80.628,25.961,5.783
100009,-80.282,25.962,7.675
100010,-81.684,26.291,9.434
100011,-81.347,26.283,11.443
100012,-80.987,26.283,10.577
100013,-80.628,26.283,5.883
100014,-80.27,26.284,7.374
100015,-82.008,26.611,4.135
100016,-81.706,26.605,10.577
100017,-81.347,26.605,12.293
100018,-80.987,26.605,9.491
100019,-80.628,26.605,5.749
100020,-80.269,26.605,9.425
100021,-82.057,26.938,6.496
100022,-81.706,26.926,14.89
100023,-81.347,26.926,16.59
100024,-80.987,26.926,6.109
100025,-80.628,26.926,6.425
100026,-80.271,26.924,10.078
100027,-82.396,27.262,10.796
100028,-82.065,27.246,17.246
100029,-81.706,27.246,24.176
100030,-81.347,27.246,25.431
100031,-80.987,27.246,12.613
100032,-80.628,27.246,12.688
100033,-80.317,27.231,8.824
100034,-82.414,27.556,14.061
100035,-82.065,27.565,35.175
100036,-81.706,27.565,33.622
100037,-81.347,27.565,27.913
100038,-80.987,27.565,21.585
100039,-80.628,27.565,11.898
100040,-82.388,27.903,16.172
100041,-82.065,27.883,41.31
100042,-81.706,27.883,43.753
100043,-81.347,27.883,23.269
100044,-80.987,27.883,21.26
100045,-80.64,27.875,8.705
100046,-82.425,28.2,25.679
100047,-82.065,28.2,39.911
100048,-81.706,28.2,41.559
100049,-81.347,28.2,23.201
100050,-80.987,28.2,18.604
100051,-80.697,28.193,6.254
100052,-82.425,28.516,35.044
100053,-82.065,28.516,33.199
100054,-81.706,28.516,35.552
100055,-81.347,28.516,30.313
100056,-80.987,28.516,14.366
100057,-80.691,28.511,3.976
100058,-82.425,28.831,24.685
100059,-82.065,28.831,26.546
100060,-81.706,28.831,28.109
100061,-81.347,28.831,17.205
100062,-80.991,28.829,10.325
100063,-82.75,29.174,10.566
100064,-82.425,29.146,27.194
100065,-82.065,29.146,29.047
100066,-81.706,29.146,27.087
100067,-81.347,29.146,17.022
100068,-81.056,29.123,10.57
100069,-83.122,29.476,14.675
100070,-82.784,29.459,14.066
100071,-82.425,29.459,27.312
100072,-82.065,29.459,30.309
100073,-81.706,29.459,20.175
100074,-81.348,29.458,12.359
100075,-84.954,29.824,8.736
100076,-83.454,29.805,16.376
100077,-83.143,29.771,19.869
100078,-82.784,29.771,19.021
100079,-82.425,29.771,37.177
100080,-82.065,29.771,44.446
100081,-81.706,29.771,24.452
100082,-81.384,29.763,12.873
100083,-85.615,30.145,8.266
100084,-85.297,30.085,15.414
100085,-84.94,30.083,18.588
100086,-84.582,30.084,17.93
100087,-84.244,30.142,11.331
100088,-83.837,30.118,13.766
100089,-83.503,30.083,26.171
100090,-83.143,30.083,28.039
100091,-82.784,30.083,30.015
100092,-82.425,30.083,40.716
100093,-82.065,30.083,40.896
100094,-81.706,30.083,15.95
100095,-81.43,30.072,12.325
100096,-87.105,30.444,10.229
100097,-86.741,30.469,25.223
100098,-86.369,30.459,11.856
100099,-86.005,30.411,15.949
100100,-85.659,30.393,25.026
100101,-85.299,30.393,38.888
100102,-84.94,30.393,41.896
100103,-84.581,30.393,44.266
100104,-84.221,30.393,32.576
100105,-83.862,30.393,36.63
100106,-83.503,30.393,36.814
100107,-83.143,30.393,33.012
100108,-82.784,30.393,37.37
100109,-82.425,30.393,39.69
100110,-82.065,30.393,31.647
100111,-81.706,30.393,12.794
100112,-87.394,30.735,45.635
100113,-87.096,30.703,40.993
100114,-86.737,30.703,47.503
100115,-86.377,30.703,57.719
100116,-86.018,30.703,46.248
100117,-85.659,30.703,38.872
100118,-85.299,30.703,51.091
100119,-84.94,30.703,48.471
100120,-84.581,30.703,76.809
100121,-84.221,30.703,66.896
100122,-83.862,30.703,56.401
100123,-83.503,30.703,50.531
100124,-83.143,30.703,50.784
100125,-82.784,30.703,44.06
100126,-82.425,30.703,36.547
100127,-82.065,30.703,30.699
100128,-81.706,30.703,8.987
100129,-84.92,31.003,46.574
100130,-84.581,31.011,47.615
100131,-84.221,31.011,81.63
100132,-83.862,31.011,78.569
100133,-83.503,31.011,65.727
100134,-83.143,31.011,63.845
100135,-82.784,31.011,57.133
100136,-82.425,31.011,44.22
100137,-82.065,31.011,30.936
100138,-81.706,31.011,10.425
100139,-84.926,31.315,71.48
100140,-84.581,31.319,63.077
100141,-84.221,31.319,65.456
100142,-83.862,31.319,106.083
100143,-83.503,31.319,89.057
100144,-83.143,31.319,78.044
100145,-82.784,31.319,60.441
100146,-82.425,31.319,47.017
100147,-82.065,31.319,29.863
100148,-81.706,31.319,16.326
100149,-81.401,31.329,6.099
100150,-84.922,31.632,105.165
100151,-84.581,31.625,91.614
100152,-84.221,31.625,76.316
100153,-83.862,31.625,104.728
100154,-83.503,31.625,107.069
100155,-83.143,31.625,94.74
100156,-82.784,31.625,77.85
100157,-82.425,31.625,60.874
100158,-82.065,31.625,44.664
100159,-81.706,31.625,19.507
100160,-81.354,31.628,7.988
100161,-84.927,31.924,123.114
100162,-84.581,31.931,137.741
100163,-84.221,31.931,107.965
100164,-83.862,31.931,98.991
100165,-83.503,31.931,109.197
100166,-83.143,31.931,75.702
100167,-82.784,31.931,62.204
100168,-82.425,31.931,57.376
100169,-82.065,31.931,44.585
100170,-81.706,31.931,32.453
100171,-81.347,31.931,12.623
100172,-81.044,31.959,5.461
100173,-84.879,32.224,114.612
100174,-84.581,32.235,166.99
100175,-84.221,32.235,137.98
100176,-83.862,32.235,116.481
100177,-83.503,32.235,93.866
100178,-83.143,32.235,97.192
100179,-82.784,32.235,71.611
100180,-82.425,32.235,72.493
100181,-82.065,32.235,59.542
100182,-81.706,32.235,41.329
100183,-81.347,32.235,22.872
100184,-80.99,32.237,8.918
100185,-84.901,32.553,148.719
100186,-84.581,32.539,177.784
100187,-84.221,32.539,154.828
100188,-83.862,32.539,135.185
100189,-83.503,32.539,110.105
100190,-83.143,32.539,108.619
100191,-82.784,32.539,82.106
100192,-82.425,32.539,83.264
100193,-82.065,32.539,79.304
100194,-81.706,32.539,55.657
100195,-81.347,32.539,32.02
100196,-80.987,32.539,19.5
100197,-80.632,32.54,5.889
100198,-80.294,32.602,4.48
100199,-84.94,32.841,234.576
100200,-84.581,32.841,241.028
100201,-84.221,32.841,186.651
100202,-83.862,32.841,151.17
100203,-83.503,32.841,133.337
100204,-83.143,32.841,101.58
100205,-82.784,32.841,112.49
100206,-82.425,32.841,92.131
100207,-82.065,32.841,72.238
100208,-81.706,32.841,62.434
100209,-81.347,32.841,38.319
100210,-80.987,32.841,28.639
100211,-80.628,32.841,17.994
100212,-80.269,32.841,11.856
100213,-79.925,32.857,5.807
100214,-84.94,33.142,238.285
100215,-84.581,33.142,249.633
100216,-84.221,33.142,245.964
100217,-83.862,33.142,171.188
100218,-83.503,33.142,158.651
100219,-83.143,33.142,134.082
100220,-82.784,33.142,130.867
100221,-82.425,33.142,116.644
100222,-82.065,33.142,92.717
100223,-81.706,33.142,65.17
100224,-81.347,33.142,64.94
100225,-80.987,33.142,44.037
100226,-80.628,33.142,32.83
100227,-80.269,33.142,25.883
100228,-79.909,33.142,14.468
100229,-79.553,33.149,10.414
100230,-84.94,33.443,274.647
100231,-84.581,33.443,276.872
100232,-84.221,33.443,250.635
100233,-83.862,33.443,207.001
100234,-83.503,33.443,176.778
100235,-83.143,33.443,166.763
100236,-82.784,33.443,164.339
100237,-82.425,33.443,139.692
100238,-82.065,33.443,97.442
100239,-81.706,33.443,107.141
100240,-81.347,33.443,92.126
100241,-80.987,33.443,70.016
100242,-80.628,33.443,46.082
100243,-80.269,33.443,28.452
100244,-79.909,33.443,20.646
100245,-79.55,33.443,14.252
100246,-79.229,33.46,5.852
100247,-85.238,33.748,356.584
100248,-84.94,33.742,340.909
100249,-84.581,33.742,287.47
100250,-84.221,33.742,281.274
100251,-83.862,33.742,256.707
100252,-83.503,33.742,211.706
100253,-83.143,33.742,188.995
100254,-82.784,33.742,161.221
100255,-82.425,33.742,130.091
100256,-82.065,33.742,123.207
100257,-81.706,33.742,157.54
100258,-81.347,33.742,128.696
100259,-80.987,33.742,90.02
100260,-80.628,33.742,52.948
100261,-80.269,33.742,43.064
100262,-79.909,33.742,24.644
100263,-79.55,33.742,18.456
100264,-79.191,33.742,6.971
100265,-78.876,33.789,6.438
100266,-85.267,34.045,268.185
100267,-84.94,34.04,279.742
100268,-84.581,34.04,306.887
100269,-84.221,34.04,319.062
100270,-83.862,34.04,303.066
100271,-83.503,34.04,240.948
100272,-83.143,34.04,206.768
100273,-82.784,34.04,160.486
100274,-82.425,34.04,148.701
100275,-82.065,34.04,157.979
100276,-81.706,34.04,147.402
100277,-81.347,34.04,128.22
100278,-80.987,34.04,87.969
100279,-80.628,34.04,69.296
100280,-80.269,34.04,55.264
100281,-79.909,34.04,39.081
100282,-79.55,34.04,20.09
100283,-79.191,34.04,19.157
100284,-78.831,34.04,18.553
100285,-78.474,34.042,11.371
100286,-78.11,34.047,10.152
100287,-85.294,34.34,230.389
100288,-84.94,34.337,240.881
100289,-84.581,34.337,346.411
100290,-84.221,34.337,381.259
100291,-83.862,34.337,356.721
100292,-83.503,34.337,273.604
100293,-83.143,34.337,237.358
100294,-82.784,34.337,207.104
100295,-82.425,34.337,200.876
100296,-82.065,34.337,175.182
100297,-81.706,34.337,153.234
100298,-81.347,34.337,122.806
100299,-80.987,34.337,127.621
100300,-80.628,34.337,95.433
100301,-80.269,34.337,85.28
100302,-79.909,34.337,51.406
100303,-79.55,34.337,27.99
100304,-79.191,34.337,28.225
100305,-78.831,34.337,27.509
100306,-78.472,34.337,20.171
100307,-78.113,34.337,10.1
100308,-77.788,34.364,8.4
100309,-85.299,34.634,314.978
100310,-84.94,34.634,246.112
100311,-84.581,34.634,414.918
100312,-84.221,34.634,657.171
100313,-83.862,34.634,581.027
100314,-83.503,34.634,446.285
100315,-83.143,34.634,278.549
100316,-82.784,34.634,243.24
100317,-82.425,34.634,249.824
100318,-82.065,34.634,211.317
100319,-81.706,34.634,158.675
100320,-81.347,34.634,150.085
100321,-80.987,34.634,147.427
100322,-80.628,34.634,160.381
100323,-80.269,34.634,120.154
100324,-79.909,34.634,54.322
100325,-79.55,34.634,53.472
100326,-79.191,34.634,46.338
100327,-78.831,34.634,36.73
100328,-78.472,34.634,24.046
100329,-78.113,34.634,19.062
100330,-77.753,34.634,12.059
100331,-77.409,34.648,10.214
100332,-85.299,34.883,310.225
100333,-84.94,34.884,255.679
100334,-84.581,34.885,607.391
100335,-84.211,34.921,599.757
100336,-83.862,34.929,699.089
100337,-83.503,34.929,826.568
100338,-83.143,34.929,647.802
100339,-82.784,34.929,373.475
100340,-82.425,34.929,309.425
100341,-82.065,34.929,251.975
100342,-81.706,34.929,202.042
100343,-81.347,34.929,183.138
100344,-80.987,34.929,182.283
100345,-80.628,34.929,186.289
100346,-80.269,34.929,130.257
100347,-79.909,34.929,93.052
100348,-79.55,34.929,97.36
100349,-79.191,34.929,72.193
100350,-78.831,34.929,40.522
100351,-78.472,34.929,37.462
100352,-78.113,34.929,36.596
100353,-77.753,34.929,24.854
100354,-77.394,34.929,14.796
100355,-77.044,34.922,10.57
100356,-76.682,34.908,5.922
100357,-83.86,35.222,869.486
100358,-83.503,35.223,902.825
100359,-83.143,35.223,1046.473
100360,-82.784,35.223,929.225
100361,-82.425,35.223,611.844
100362,-82.065,35.223,296.262
100363,-81.706,35.223,255.134
100364,-81.347,35.223,250.359
100365,-80.987,35.223,212.69
100366,-80.628,35.223,198.81
100367,-80.269,35.223,144.148
100368,-79.909,35.223,129.532
100369,-79.55,35.223,147.32
100370,-79.191,35.223,100.529
100371,-78.831,35.223,54.406
100372,-78.472,35.223,54.831
100373,-78.113,35.223,43.795
100374,-77.753,35.223,30.308
100375,-77.394,35.223,15.133
100376,-77.035,35.224,12.296
100377,-76.701,35.222,5.299
100378,-83.489,35.484,937.34
100379,-83.143,35.516,1113.893
100380,-82.784,35.516,936.566
100381,-82.425,35.516,773.984
100382,-82.065,35.516,432.481
100383,-81.706,35.516,396.244
100384,-81.347,35.516,289.643
100385,-80.987,35.516,252.66
100386,-80.628,35.516,230.68
100387,-80.269,35.516,204.242
100388,-79.909,35.516,193.43
100389,-79.55,35.516,138.921
100390,-79.191,35.516,103.799
100391,-78.831,35.516,90.784
100392,-78.472,35.516,65.941
100393,-78.113,35.516,45.067
100394,-77.753,35.516,29.352
100395,-77.394,35.516,17.614
100396,-77.04,35.519,14.113
100397,-76.684,35.538,6.926
100398,-76.31,35.521,5.036
100399,-76.006,35.558,4.25
100400,-82.772,35.8,791.896
100401,-82.425,35.808,1012.846
100402,-82.065,35.808,747.548
100403,-81.706,35.808,410.979
100404,-81.347,35.808,351.21
100405,-80.987,35.808,285.587
100406,-80.628,35.808,235.16
100407,-80.269,35.808,229.972
100408,-79.909,35.808,220.562
100409,-79.55,35.808,198.017
100410,-79.191,35.808,144.771
100411,-78.831,35.808,110.413
100412,-78.472,35.808,92.267
100413,-78.113,35.808,65.352
100414,-77.753,35.808,36.099
100415,-77.394,35.808,20.711
100416,-77.035,35.808,16.032
100417,-76.677,35.804,9.354
100418,-76.316,35.807,6.391
100419,-75.946,35.804,7.194
100420,-82.048,36.064,1093.71
100421,-81.706,36.099,858.362
100422,-81.347,36.099,466.487
100423,-80.987,36.099,372.312
100424,-80.628,36.099,274.192
100425,-80.269,36.099,261.254
100426,-79.909,36.099,260.138
100427,-79.55,36.099,206.327
100428,-79.191,36.099,193.2
100429,-78.831,36.099,124.811
100430,-78.472,36.099,111.347
100431,-78.113,36.099,81.967
100432,-77.753,36.099,41.042
100433,-77.394,36.099,25.277
100434,-77.035,36.099,21.838
100435,-76.684,36.115,13.893
100436,-76.329,36.141,7.341
100437,-81.662,36.365,1055.304
100438,-81.347,36.388,840.385
100439,-80.987,36.388,555.484
100440,-80.628,36.388,340.984
100441,-80.269,36.388,301.993
100442,-79.909,36.388,235.293
100443,-79.55,36.388,204.013
100444,-79.191,36.388,174.212
100445,-78.831,36.388,165.753
100446,-78.472,36.388,128.951
100447,-78.113,36.388,98.528
100448,-77.753,36.388,64.346
100449,-77.394,36.388,30.679
100450,-77.035,36.388,19.913
100451,-76.675,36.39,16.91
100452,-76.319,36.39,9.268
100453,-76.001,36.379,4.088
100454,-83.117,36.688,506.785
100455,-82.784,36.708,559.311
100456,-82.425,36.708,562.822
100457,-82.063,36.713,623.6
100458,-81.691,36.697,840.072
100459,-81.347,36.677,935.592
100460,-80.989,36.677,793.688
100461,-80.628,36.677,679.667
100462,-80.269,36.677,504.592
100463,-79.911,36.677,286.146
100464,-79.562,36.686,231.602
100465,-79.187,36.68,165.207
100466,-78.831,36.677,129.144
100467,-78.472,36.677,116.661
100468,-78.113,36.677,97.333
100469,-77.753,36.677,78.045
100470,-77.392,36.677,33.893
100471,-77.046,36.682,22.461
100472,-82.738,36.936,735.535
100473,-82.424,36.965,674.499
100474,-82.065,36.965,702.096
100475,-81.706,36.965,779.167
100476,-81.347,36.965,851.243
100477,-80.987,36.965,741.291
100478,-80.628,36.964,711.209
100479,-80.269,36.965,698.157
100480,-79.909,36.965,360.982
100481,-79.55,36.965,260.267
100482,-79.191,36.965,190.882
100483,-78.831,36.965,147.235
100484,-78.472,36.965,149.74
100485,-78.113,36.965,126.977
100486,-77.753,36.965,87.531
100487,-77.394,36.965,40.329
100488,-77.035,36.965,32.209
100489,-76.713,36.958,22.978
100490,-82.394,37.187,555.197
100491,-82.063,37.249,584.016
100492,-81.706,37.251,684.851
100493,-81.347,37.251,821.217
100494,-80.987,37.251,774.772
100495,-80.63,37.254,679.097
100496,-80.269,37.251,627.258
100497,-79.898,37.247,412.403
100498,-79.55,37.251,273.425
100499,-79.191,37.244,234.722
100500,-78.831,37.251,199.39
100501,-78.472,37.251,147.64
100502,-78.113,37.251,120.918
100503,-77.753,37.251,84.393
100504,-77.397,37.253,44.342
100505,-77.04,37.252,22.72
100506,-76.683,37.274,20.518
100507,-75.903,37.272,3.344
100508,-82.014,37.551,462.55
100509,-81.706,37.537,514.608
100510,-81.347,37.537,714.711
100511,-80.987,37.537,709.057
100512,-80.628,37.537,695.203
100513,-80.269,37.537,721.569
100514,-79.909,37.537,468.148
100515,-79.55,37.537,469.141
100516,-79.19,37.545,289.805
100517,-78.831,37.537,198.314
100518,-78.472,37.537,144.55
100519,-78.113,37.537,99.977
100520,-77.754,37.537,85.35
100521,-77.38,37.538,50.723
100522,-77.035,37.537,27.375
100523,-76.681,37.533,22.79
100524,-82.065,37.821,400.617
100525,-81.706,37.821,539.963
100526,-81.347,37.821,656.817
100527,-80.987,37.821,737.598
100528,-80.628,37.821,715.636
100529,-80.269,37.821,717.9
100530,-79.908,37.822,580.816
100531,-79.551,37.822,511.795
100532,-79.188,37.823,605.689
100533,-78.831,37.821,321.587
100534,-78.472,37.821,137.837
100535,-78.113,37.821,107.833
100536,-77.753,37.821,90.887
100537,-77.394,37.821,54.973
100538,-77.036,37.82,39.181
100539,-76.675,37.825,26.571
100540,-76.391,37.825,18.65
100541,-75.608,37.829,7.969
100542,-82.409,38.115,285.236
100543,-82.065,38.105,309.389
100544,-81.706,38.105,369.594
100545,-81.347,38.105,462.482
100546,-80.987,38.105,602.852
100547,-80.628,38.105,908.219
100548,-80.269,38.105,889.39
100549,-79.909,38.105,785.641
100550,-79.55,38.105,629.924
100551,-79.198,38.102,567.439
100552,-78.829,38.106,422.325
100553,-78.472,38.106,187.467
100554,-78.113,38.105,138.963
100555,-77.753,38.105,100.421
100556,-77.394,38.105,60.169
100557,-77.045,38.099,32.963
100558,-76.681,38.076,24.169
100559,-75.596,38.106,8.906
100560,-75.304,38.122,4.514
100561,-82.398,38.35,233.349
100562,-82.065,38.387,255.292
100563,-81.706,38.387,266.117
100564,-81.347,38.387,343.123
100565,-80.987,38.387,453.89
100566,-80.628,38.387,702.275
100567,-80.269,38.387,1003.663
100568,-79.909,38.387,981.938
100569,-79.55,38.387,897.613
100570,-79.191,38.387,682.329
100571,-78.829,38.384,429.834
100572,-78.472,38.387,431.847
100573,-78.113,38.387,146.409
100574,-77.753,38.387,104.346
100575,-77.405,38.386,55.917
100576,-77.04,38.398,28.155
100577,-76.671,38.389,29.287
100578,-75.952,38.401,2.771
100579,-75.598,38.387,14.135
100580,-75.247,38.392,10.889
100581,-82.046,38.666,228.012
100582,-81.706,38.668,265.184
100583,-81.347,38.668,299.624
100584,-80.987,38.668,343.509
100585,-80.628,38.668,426.681
100586,-80.269,38.668,768.271
100587,-79.909,38.668,960.484
100588,-79.55,38.668,1001.092
100589,-79.191,38.668,726.64
100590,-78.831,38.668,453.691
100591,-78.472,38.668,446.572
100592,-78.113,38.668,242.761
100593,-77.753,38.668,125.802
100594,-77.399,38.669,80.787
100595,-77.03,38.668,44.861
100596,-76.691,38.666,37.956
100597,-75.952,38.67,10.198
100598,-75.598,38.668,13.407
100599,-75.246,38.663,10.388
100600,-81.678,38.938,246.169
100601,-81.347,38.948,277.622
100602,-80.987,38.948,307.821
100603,-80.628,38.948,345.817
100604,-80.269,38.948,494.962
100605,-79.909,38.948,702.226
100606,-79.55,38.948,936.306
100607,-79.191,38.948,585.873
100608,-78.831,38.948,565.654
100609,-78.472,38.948,362.746
100610,-78.113,38.948,260.339
100611,-77.753,38.948,168.976
100612,-77.396,38.949,97.946
100613,-77.036,38.963,78.304
100614,-76.677,38.949,34.947
100615,-75.957,38.948,16.418
100616,-75.598,38.948,16.535
100617,-81.346,39.225,262.164
100618,-80.987,39.227,302.478
100619,-80.628,39.227,352.853
100620,-80.269,39.227,378.847
100621,-79.909,39.227,534.44
100622,-79.55,39.227,786.734
100623,-79.191,39.227,710.929
100624,-78.831,39.227,428.855
100625,-78.472,39.227,377.59
100626,-78.111,39.228,208.883
100627,-77.753,39.227,173.13
100628,-77.394,39.227,126.096
100629,-77.035,39.227,151.796
100630,-76.701,39.205,66.986
100631,-75.956,39.226,17.584
100632,-75.603,39.222,13.967
100633,-74.858,39.246,9.646
100634,-80.953,39.476,280.329
100635,-80.628,39.505,354.072
100636,-80.269,39.505,368.697
100637,-79.909,39.505,479.149
100638,-79.55,39.505,690.406
100639,-79.191,39.505,717.063
100640,-78.831,39.505,359.585
100641,-78.472,39.505,314.856
100642,-78.113,39.505,234.817
100643,-77.753,39.505,168.252
100644,-77.394,39.505,189.788
100645,-77.035,39.505,195.847
100646,-76.676,39.506,159.832
100647,-76.32,39.51,80.355
100648,-75.932,39.516,29.728
100649,-75.612,39.509,10.852
100650,-75.238,39.505,25.318
100651,-74.879,39.505,26.718
100652,-74.523,39.507,11.969
100653,-80.627,39.78,368.48
100654,-80.269,39.781,380.305
100655,-79.909,39.781,366.616
100656,-79.55,39.781,593.863
100657,-79.191,39.781,705.18
100658,-78.831,39.781,572.313
100659,-78.472,39.781,398.208
100660,-78.113,39.781,274.092
100661,-77.753,39.781,189.253
100662,-77.394,39.781,273.376
100663,-77.035,39.781,194.149
100664,-76.675,39.781,226.193
100665,-76.316,39.781,152.201
100666,-75.957,39.781,129.002
100667,-75.603,39.785,67.809
100668,-75.238,39.781,21.482
100669,-74.879,39.781,33.158
100670,-74.52,39.781,32.193
100671,-74.222,39.791,15.702
100672,-80.589,40.051,343.593
100673,-80.269,40.057,366.848
100674,-79.909,40.057,326.238
100675,-79.55,40.057,443.584
100676,-79.191,40.057,656.839
100677,-78.831,40.057,651.822
100678,-78.472,40.057,418.051
100679,-78.113,40.057,398.983
100680,-77.753,40.057,307.32
100681,-77.394,40.057,279.84
100682,-77.035,40.057,184.555
100683,-76.675,40.057,144.345
100684,-76.316,40.057,122.016
100685,-75.957,40.057,179.765
100686,-75.598,40.057,119.191
100687,-75.238,40.057,71.201
100688,-74.879,40.057,23.033
100689,-74.52,40.057,38.307
100690,-74.191,40.062,20.495
100691,-80.269,40.331,346.096
100692,-79.909,40.331,316.771
100693,-79.55,40.331,350.606
100694,-79.191,40.331,477.501
100695,-78.831,40.331,597.114
100696,-78.472,40.331,513.138
100697,-78.113,40.331,380.468
100698,-77.753,40.331,338.663
100699,-77.394,40.331,275.813
100700,-77.035,40.331,174.948
100701,-76.675,40.331,175.466
100702,-76.316,40.331,170.152
100703,-75.957,40.331,150.398
100704,-75.598,40.331,139.98
100705,-75.238,40.331,123.687
100706,-74.879,40.331,74.042
100707,-74.52,40.331,36.791
100708,-74.168,40.323,29.577
100709,-80.269,40.605,322.267
100710,-79.909,40.605,333.633
100711,-79.55,40.605,346.934
100712,-79.191,40.605,398.823
100713,-78.831,40.605,549.875
100714,-78.472,40.605,551.998
100715,-78.113,40.605,356.914
100716,-77.753,40.605,343.464
100717,-77.394,40.605,270.505
100718,-77.035,40.605,215.84
100719,-76.675,40.605,283.78
100720,-76.316,40.605,289.796
100721,-75.957,40.605,214.497
100722,-75.598,40.605,171.275
100723,-75.238,40.605,140.667
100724,-74.879,40.605,125.786
100725,-74.52,40.605,61.441
100726,-74.189,40.63,19.361
100727,-73.806,40.658,10.719
100728,-80.269,40.877,340.955
100729,-79.909,40.877,382.033
100730,-79.55,40.877,377.064
100731,-79.191,40.877,425.05
100732,-78.831,40.877,498.294
100733,-78.472,40.877,497.117
100734,-78.113,40.877,513.003
100735,-77.753,40.877,397.296
100736,-77.394,40.877,440.009
100737,-77.035,40.877,246.829
100738,-76.675,40.877,236.864
100739,-76.316,40.877,362.112
100740,-75.957,40.877,417.34
100741,-75.598,40.877,317.813
100742,-75.238,40.877,220.008
100743,-74.879,40.877,219.925
100744,-74.52,40.877,205.963
100745,-74.16,40.877,58.276
100746,-73.822,40.874,34.474
100747,-73.437,40.83,46.721
100748,-73.073,40.847,29.771
100749,-72.73,40.875,18.229
100750,-80.269,41.148,361.236
100751,-79.909,41.148,416.518
100752,-79.55,41.148,411.92
100753,-79.191,41.148,460.308
100754,-78.831,41.148,508.38
100755,-78.472,41.148,554.194
100756,-78.113,41.148,492.937
100757,-77.753,41.148,464.65
100758,-77.394,41.148,369.213
100759,-77.035,41.148,309.264
100760,-76.675,41.148,252.647
100761,-76.316,41.148,294.501
100762,-75.957,41.148,365.415
100763,-75.598,41.148,543.159
100764,-75.238,41.148,413.27
100765,-74.879,41.148,269.959
100766,-74.52,41.148,258.082
100767,-74.16,41.148,189.448
100768,-73.801,41.148,96.866
100769,-73.46,41.17,95.857
100770,-80.269,41.418,375.206
100771,-79.909,41.418,419.024
100772,-79.55,41.418,451.823
100773,-79.191,41.418,493.594
100774,-78.831,41.418,535.056
100775,-78.472,41.418,551.155
100776,-78.113,41.418,512.258
100777,-77.753,41.418,501.265
100778,-77.394,41.418,495.366
100779,-77.035,41.418,440.378
100780,-76.675,41.418,476.105
100781,-76.316,41.418,592.472
100782,-75.957,41.418,370.387
100783,-75.598,41.418,438.737
100784,-75.238,41.418,438.2
100785,-74.879,41.418,346.125
100786,-74.52,41.418,233.282
100787,-74.16,41.418,166.272
100788,-73.801,41.418,183.967
100789,-73.442,41.418,175.82
100790,-73.083,41.418,130.8
100791,-72.723,41.418,81.136
100792,-72.366,41.42,80.49
100793,-72.007,41.435,58.827
100794,-71.655,41.451,48.187
100795,-80.269,41.687,371.057
100796,-79.909,41.687,439.029
100797,-79.55,41.687,479.702
100798,-79.191,41.687,516.937
100799,-78.831,41.687,581.72
100800,-78.472,41.687,616.917
100801,-78.113,41.687,596.483
100802,-77.753,41.687,632.548
100803,-77.394,41.687,543.701
100804,-77.035,41.687,551.987
100805,-76.675,41.687,473.721
100806,-76.316,41.687,373.311
100807,-75.957,41.687,363.903
100808,-75.598,41.687,463.49
100809,-75.238,41.687,418.863
100810,-74.879,41.687,400.294
100811,-74.52,41.687,362.603
100812,-74.16,41.687,168.477
100813,-73.801,41.687,140.425
100814,-73.442,41.687,251.517
100815,-73.082,41.687,233.79
100816,-72.723,41.687,64.453
100817,-72.364,41.687,152.002
100818,-72.004,41.687,109.137
100819,-71.645,41.687,118.708
100820,-71.271,41.703,26.689
100821,-70.944,41.703,28.988
100822,-70.559,41.693,22.868
100823,-80.256,41.941,321.219
100824,-79.909,41.955,429.64
100825,-79.55,41.955,492.302
100826,-79.191,41.955,493.913
100827,-78.831,41.955,579.416
100828,-78.472,41.955,556.03
100829,-78.113,41.955,615.664
100830,-77.753,41.955,645.189
100831,-77.394,41.955,516.949
100832,-77.035,41.955,475.511
100833,-76.675,41.955,403.941
100834,-76.316,41.955,392.744
100835,-75.957,41.955,441.595
100836,-75.598,41.955,466.558
100837,-75.238,41.955,477.706
100838,-74.879,41.955,593.135
100839,-74.52,41.955,678.26
100840,-74.16,41.955,241.353
100841,-73.801,41.955,135.814
100842,-73.442,41.955,293.454
100843,-73.082,41.955,344.177
100844,-72.723,41.955,88.781
100845,-72.364,41.955,186.572
100846,-72.004,41.955,185.344
100847,-71.645,41.955,140.315
100848,-71.286,41.955,55.237
100849,-70.926,41.955,29.274
100850,-79.541,42.214,437.897
100851,-79.191,42.221,469.984
100852,-78.831,42.221,529.589
100853,-78.472,42.221,569.987
100854,-78.113,42.221,560.148
100855,-77.753,42.221,595.409
100856,-77.394,42.221,498.048
100857,-77.035,42.221,438.249
100858,-76.675,42.221,413.783
100859,-76.316,42.221,395.255
100860,-75.957,42.221,372.901
100861,-75.598,42.221,434.497
100862,-75.238,42.221,517.308
100863,-74.879,42.221,593.033
100864,-74.52,42.221,645.785
100865,-74.16,42.221,556.783
100866,-73.801,42.221,94.684
100867,-73.442,42.221,316.717
100868,-73.082,42.221,433.482
100869,-72.723,42.221,147.446
100870,-72.364,42.221,163.033
100871,-72.004,42.221,244.614
100872,-71.645,42.221,132.137
100873,-71.286,42.221,60.465
100874,-70.943,42.193,36.858
100875,-79.167,42.461,331.247
100876,-78.831,42.487,395.449
100877,-78.472,42.487,527.842
100878,-78.113,42.487,497.043
100879,-77.753,42.487,481.079
100880,-77.394,42.487,496.634
100881,-77.035,42.487,342.809
100882,-76.675,42.487,348.23
100883,-76.316,42.487,415.252
100884,-75.957,42.487,430.252
100885,-75.598,42.487,460.845
100886,-75.238,42.487,453.008
100887,-74.879,42.487,531.305
100888,-74.52,42.487,546.621
100889,-74.16,42.487,424.644
100890,-73.801,42.487,116.261
100891,-73.442,42.487,332.485
100892,-73.082,42.487,489.618
100893,-72.723,42.487,256.383
100894,-72.364,42.487,228.366
100895,-72.004,42.487,300.472
100896,-71.645,42.487,122.838
100897,-71.286,42.487,53.028
100898,-70.976,42.515,26.376
100899,-78.798,42.736,263.712
100900,-78.472,42.751,386.166
100901,-78.113,42.751,428.219
100902,-77.753,42.751,296.139
100903,-77.394,42.751,379.052
100904,-77.035,42.751,242.367
100905,-76.675,42.751,235.051
100906,-76.316,42.751,401.907
100907,-75.957,42.751,473.759
100908,-75.598,42.751,459.322
100909,-75.238,42.751,471.948
100910,-74.879,42.751,480.478
100911,-74.52,42.751,374.733
100912,-74.16,42.751,286.55
100913,-73.801,42.751,90.298
100914,-73.442,42.751,337.318
100915,-73.082,42.751,513.284
100916,-72.723,42.751,373.718
100917,-72.364,42.751,246.149
100918,-72.004,42.751,352.551
100919,-71.645,42.751,132.262
100920,-71.286,42.751,66.51
100921,-70.945,42.745,28.938
100922,-78.818,43.023,185.989
100923,-78.472,43.015,230.434
100924,-78.113,43.015,252.864
100925,-77.753,43.015,194.167
100926,-77.394,43.015,193.135
100927,-77.035,43.015,159.353
100928,-76.675,43.015,148.061
100929,-76.316,43.015,218.58
100930,-75.957,43.015,251.104
100931,-75.598,43.015,302.877
100932,-75.238,43.015,314.177
100933,-74.879,43.015,303.525
100934,-74.52,43.015,292.847
100935,-74.16,43.015,250.388
100936,-73.801,43.015,122.464
100937,-73.442,43.015,185.238
100938,-73.082,43.015,584.86
100939,-72.723,43.015,424.734
100940,-72.364,43.015,277.365
100941,-72.004,43.015,360.396
100942,-71.645,43.015,185.869
100943,-71.286,43.015,113.454
100944,-70.934,43.019,33.835
100945,-78.817,43.232,121.867
100946,-78.47,43.258,135.932
100947,-78.114,43.258,148.103
100948,-77.774,43.236,125.278
100949,-77.034,43.214,121.69
100950,-76.656,43.259,121.446
100951,-76.316,43.277,129.51
100952,-75.957,43.277,152.668
100953,-75.598,43.277,202.386
100954,-75.238,43.277,308.254
100955,-74.879,43.277,469.656
100956,-74.52,43.277,563.306
100957,-74.16,43.277,432.142
100958,-73.801,43.277,263.093
100959,-73.442,43.277,152.081
100960,-73.082,43.277,480.512
100961,-72.723,43.277,468.832
100962,-72.364,43.277,299.62
100963,-72.004,43.277,369.994
100964,-71.645,43.277,169.949
100965,-71.286,43.277,206.629
100966,-70.926,43.277,87.7
100967,-70.632,43.3,46.189
100968,-76.281,43.489,113.963
100969,-75.957,43.538,258.414
100970,-75.598,43.538,485.268
100971,-75.238,43.538,407.187
100972,-74.879,43.538,630.856
100973,-74.52,43.538,679.747
100974,-74.16,43.538,592.052
100975,-73.801,43.538,333.03
100976,-73.442,43.538,203.282
100977,-73.082,43.538,310.921
100978,-72.723,43.538,537.706
100979,-72.364,43.538,316.483
100980,-72.004,43.538,389.488
100981,-71.645,43.538,236.999
100982,-71.286,43.538,235.77
100983,-70.926,43.538,188.13
100984,-70.567,43.538,65.067
100985,-75.956,43.797,286.203
100986,-75.598,43.798,422.149
100987,-75.238,43.798,412.061
100988,-74.879,43.798,597.15
100989,-74.52,43.798,666.785
100990,-74.16,43.798,572.536
100991,-73.801,43.798,409.184
100992,-73.442,43.798,224.91
100993,-73.082,43.798,320.76
100994,-72.723,43.798,461.92
100995,-72.364,43.798,329.62
100996,-72.004,43.798,409.584
100997,-71.645,43.798,349.925
100998,-71.286,43.798,272.266
100999,-70.926,43.798,198.544
101000,-70.567,43.798,103.848
101001,-70.235,43.816,53.501
101002,-69.852,43.84,15.594
101003,-75.954,44.058,133.121
101004,-75.598,44.057,225.252
101005,-75.238,44.057,382.137
101006,-74.879,44.057,550.588
101007,-74.52,44.057,575.332
101008,-74.16,44.057,673.27
101009,-73.801,44.057,676.133
101010,-73.442,44.057,197.902
101011,-73.082,44.057,336.601
101012,-72.723,44.057,460.779
101013,-72.364,44.057,451.858
101014,-72.004,44.057,375.782
101015,-71.645,44.057,684.389
101016,-71.286,44.057,520.956
101017,-70.926,44.057,207.241
101018,-70.567,44.057,145.159
101019,-70.208,44.057,92.002
101020,-69.848,44.057,51.197
101021,-69.495,44.063,39.226
101022,-69.201,44.074,35.461
101023,-75.93,44.28,99.115
101024,-75.598,44.314,135.07
101025,-75.238,44.314,247.155
101026,-74.879,44.314,436.239
101027,-74.52,44.314,498.584
101028,-74.16,44.314,565.195
101029,-73.801,44.314,574.835
101030,-73.442,44.314,166.944
101031,-73.082,44.314,243.73
101032,-72.723,44.314,404.191
101033,-72.364,44.314,426.544
101034,-72.004,44.314,335.713
101035,-71.645,44.314,454.539
101036,-71.286,44.314,744.392
101037,-70.926,44.314,365.73
101038,-70.567,44.314,257.44
101039,-70.208,44.314,133.849
101040,-69.848,44.314,81.089
101041,-69.489,44.314,96.462
101042,-69.148,44.321,98.001
101043,-68.715,44.336,30.617
101044,-68.395,44.338,42.957
101045,-75.563,44.546,98.055
101046,-75.238,44.571,128.912
101047,-74.879,44.571,283.226
101048,-74.52,44.571,453.736
101049,-74.16,44.571,531.909
101050,-73.801,44.571,427.236
101051,-73.442,44.571,95.133
101052,-73.082,44.571,155.759
101053,-72.723,44.571,397.973
101054,-72.364,44.571,427.971
101055,-72.004,44.571,435.91
101056,-71.645,44.571,435.525
101057,-71.286,44.571,512.583
101058,-70.926,44.571,540.927
101059,-70.567,44.571,295.288
101060,-70.208,44.571,211.728
101061,-69.848,44.571,116.622
101062,-69.489,44.571,82.282
101063,-69.13,44.571,132.955
101064,-68.768,44.575,71.427
101065,-68.414,44.576,55.459
101066,-68.047,44.579,56.899
101067,-67.699,44.605,23.434
101068,-75.206,44.787,91.612
101069,-74.878,44.826,94.045
101070,-74.52,44.826,177.556
101071,-74.16,44.826,383.049
101072,-73.801,44.826,412.948
101073,-73.442,44.826,82.3
101074,-73.082,44.826,120.584
101075,-72.723,44.826,346.152
101076,-72.364,44.826,395.957
101077,-72.004,44.826,467.83
101078,-71.645,44.826,525.16
101079,-71.286,44.826,599.985
101080,-70.926,44.826,508.568
101081,-70.567,44.826,542.175
101082,-70.208,44.826,295.007
101083,-69.848,44.826,128.802
101084,-69.489,44.826,103.172
101085,-69.13,44.826,90.34
101086,-68.77,44.826,54.5
101087,-68.411,44.826,99.638
101088,-68.052,44.826,114.74
101089,-67.692,44.826,61.663
101090,-67.333,44.827,40.026
101091,-71.278,45.076,582.724
101092,-70.926,45.081,614.235
101093,-70.567,45.081,580.228
101094,-70.208,45.081,469.485
101095,-69.848,45.081,307.325
101096,-69.489,45.081,204.276
101097,-69.13,45.081,127.859
101098,-68.77,45.081,60.823
101099,-68.411,45.081,97.982
101100,-68.052,45.081,133.469
101101,-67.692,45.081,83.255
101102,-67.338,45.065,71.293
101103,-70.557,45.326,598.253
101104,-70.208,45.334,437.077
101105,-69.848,45.334,374.827
101106,-69.489,45.334,291.636
101107,-69.13,45.334,187.549
101108,-68.77,45.334,105.483
101109,-68.411,45.334,111.581
101110,-68.052,45.334,141.854
101111,-67.692,45.334,111.722
101112,-70.523,45.563,525.829
101113,-70.208,45.586,455.318
101114,-69.848,45.586,380.295
101115,-69.489,45.586,410.221
101116,-69.13,45.586,374.441
101117,-68.77,45.586,160.266
101118,-68.411,45.586,118.295
101119,-68.052,45.586,143.837
101120,-67.715,45.559,145.961
101121,-70.186,45.824,526.292
101122,-69.848,45.837,375.416
101123,-69.489,45.837,365.127
101124,-69.13,45.837,356.787
101125,-68.77,45.837,279.903
101126,-68.411,45.837,166.541
101127,-68.052,45.837,158.65
101128,-70.156,46.082,490.167
101129,-69.848,46.086,453.197
101130,-69.489,46.086,322.969
101131,-69.13,46.086,379.716
101132,-68.77,46.086,304.163
101133,-68.411,46.086,240.859
101134,-68.052,46.086,196.033
101135,-69.848,46.335,426.351
101136,-69.489,46.335,347.14
101137,-69.13,46.335,324.733
101138,-68.77,46.335,265.447
101139,-68.411,46.335,257.337
101140,-68.052,46.335,240.398
101141,-69.843,46.58,372.93
101142,-69.489,46.583,366.474
101143,-69.13,46.583,390.748
101144,-68.77,46.583,319.166
101145,-68.411,46.583,213.131
101146,-68.052,46.583,207.518
101147,-69.779,46.803,339.904
101148,-69.489,46.829,339.19
101149,-69.13,46.829,374.096
101150,-68.77,46.829,320.48
101151,-68.411,46.829,229.441
101152,-68.052,46.829,186.609
101153,-69.464,47.061,347.803
101154,-69.13,47.074,328.534
101155,-68.769,47.073,338.862
101156,-68.411,47.074,231.135
101157,-68.059,47.07,224.063
101158,-69.169,47.309,329.94
