Gridcode,PCA1,PCA2,PCA3,PCA4,PCA5,PCA6
100001,6.489 ,7.053 ,-0.168 ,2.136 ,-4.307 ,-0.959 
100002,6.861 ,6.602 ,-0.462 ,3.223 ,-4.261 ,-0.786 
100003,7.428 ,6.652 ,-0.035 ,2.251 ,-2.919 ,-0.881 
100004,7.450 ,6.248 ,0.017 ,3.522 ,-3.451 ,-0.595 
100005,7.345 ,5.889 ,0.759 ,3.668 ,-4.294 ,-0.476 
100006,8.157 ,6.194 ,0.896 ,1.637 ,-1.794 ,-0.657 
100007,7.924 ,6.089 ,0.612 ,1.865 ,-2.166 ,-0.845 
100008,7.527 ,6.078 ,1.086 ,2.425 ,-3.361 ,-0.339 
100009,7.200 ,4.565 ,1.893 ,2.892 ,-4.492 ,-0.549 
100010,8.928 ,5.550 ,1.744 ,0.921 ,-0.848 ,-0.419 
100011,8.490 ,5.679 ,1.344 ,1.083 ,-0.838 ,-1.085 
100012,7.882 ,5.463 ,1.084 ,1.129 ,-1.512 ,-1.303 
100013,7.398 ,5.076 ,1.335 ,1.462 ,-2.645 ,-0.881 
100014,7.137 ,4.076 ,2.200 ,1.795 ,-3.884 ,-0.810 
100015,8.930 ,5.306 ,1.995 ,1.015 ,-0.739 ,-0.230 
100016,9.208 ,5.102 ,1.883 ,0.574 ,-0.164 ,-0.645 
100017,8.544 ,5.153 ,1.322 ,0.277 ,-0.252 ,-1.560 
100018,7.464 ,5.149 ,0.369 ,0.598 ,-1.160 ,-1.942 
100019,6.608 ,4.779 ,0.391 ,2.153 ,-2.288 ,-2.110 
100020,6.884 ,3.969 ,1.768 ,1.481 ,-3.653 ,-0.921 
100021,8.636 ,5.111 ,1.814 ,-0.211 ,-0.123 ,-0.785 
100022,8.606 ,5.101 ,1.946 ,-0.229 ,0.181 ,-1.424 
100023,8.226 ,5.055 ,1.294 ,-0.622 ,0.069 ,-1.822 
100024,7.042 ,5.907 ,0.435 ,-0.646 ,-1.704 ,-1.322 
100025,6.294 ,5.073 ,0.459 ,0.680 ,-2.554 ,-1.564 
100026,6.631 ,3.620 ,1.476 ,0.904 ,-3.283 ,-1.171 
100027,9.082 ,4.370 ,2.011 ,-0.507 ,0.245 ,-0.119 
100028,8.808 ,4.368 ,1.772 ,-0.499 ,0.590 ,-0.882 
100029,8.155 ,4.727 ,1.466 ,-0.642 ,0.465 ,-1.736 
100030,7.717 ,5.074 ,0.901 ,-0.454 ,0.188 ,-2.031 
100031,7.083 ,5.233 ,0.264 ,-0.792 ,-0.429 ,-2.158 
100032,6.500 ,4.183 ,0.304 ,-0.404 ,-1.537 ,-1.960 
100033,6.666 ,3.229 ,1.074 ,0.188 ,-2.717 ,-1.344 
100034,8.362 ,4.398 ,1.767 ,-0.597 ,-0.355 ,0.012 
100035,8.557 ,4.055 ,1.568 ,-0.542 ,0.373 ,-0.626 
100036,8.216 ,4.345 ,1.384 ,-0.699 ,0.464 ,-1.305 
100037,7.557 ,4.842 ,0.918 ,-0.631 ,0.074 ,-1.730 
100038,7.066 ,4.767 ,0.602 ,-0.600 ,-0.379 ,-1.989 
100039,6.511 ,3.878 ,0.508 ,-0.260 ,-1.645 ,-1.744 
100040,7.728 ,3.843 ,1.618 ,-0.834 ,-0.870 ,-0.089 
100041,8.216 ,3.571 ,1.512 ,-0.887 ,0.045 ,-0.544 
100042,7.958 ,3.865 ,1.334 ,-0.724 ,0.238 ,-1.174 
100043,7.429 ,4.688 ,1.346 ,-0.631 ,-0.284 ,-1.244 
100044,6.608 ,4.448 ,0.643 ,-0.572 ,-0.934 ,-1.662 
100045,6.174 ,4.165 ,0.665 ,-0.779 ,-2.152 ,-1.293 
100046,7.823 ,2.741 ,1.792 ,-1.301 ,-0.398 ,-0.297 
100047,7.814 ,2.985 ,1.337 ,-0.849 ,-0.008 ,-0.756 
100048,7.511 ,3.666 ,1.088 ,-0.929 ,0.042 ,-1.075 
100049,7.199 ,4.443 ,1.406 ,-0.923 ,-0.404 ,-1.101 
100050,6.348 ,4.207 ,1.152 ,-0.967 ,-1.155 ,-1.436 
100051,6.005 ,4.324 ,0.846 ,-1.328 ,-2.407 ,-1.015 
100052,7.775 ,1.850 ,1.286 ,-0.862 ,0.291 ,-0.634 
100053,7.475 ,2.414 ,1.260 ,-0.689 ,0.082 ,-0.874 
100054,7.202 ,3.078 ,1.203 ,-0.903 ,-0.357 ,-0.801 
100055,6.989 ,3.684 ,0.968 ,-0.715 ,-0.316 ,-1.027 
100056,6.516 ,3.618 ,1.878 ,-1.106 ,-0.912 ,-1.011 
100057,6.217 ,4.196 ,1.600 ,-0.989 ,-2.238 ,-0.292 
100058,7.618 ,1.703 ,1.583 ,-0.736 ,0.672 ,-0.774 
100059,7.320 ,1.953 ,1.264 ,-0.453 ,0.405 ,-0.990 
100060,7.038 ,2.567 ,1.409 ,-0.766 ,-0.179 ,-0.632 
100061,6.725 ,3.299 ,1.489 ,-1.043 ,-0.287 ,-0.866 
100062,6.218 ,3.419 ,2.023 ,-0.883 ,-1.334 ,-0.579 
100063,7.416 ,1.487 ,2.775 ,0.682 ,0.467 ,-0.234 
100064,7.602 ,1.093 ,1.527 ,-0.622 ,1.252 ,-0.915 
100065,7.080 ,1.459 ,1.026 ,-0.320 ,0.581 ,-0.904 
100066,6.870 ,1.873 ,1.627 ,-0.708 ,-0.070 ,-0.543 
100067,6.470 ,2.337 ,2.291 ,-0.996 ,-0.522 ,-0.580 
100068,5.931 ,2.722 ,1.708 ,-0.919 ,-1.533 ,-0.409 
100069,7.786 ,1.208 ,3.262 ,0.754 ,1.090 ,0.368 
100070,8.162 ,0.967 ,2.811 ,-0.168 ,1.872 ,-0.311 
100071,7.570 ,0.992 ,1.647 ,-0.635 ,1.522 ,-0.673 
100072,7.021 ,1.500 ,1.684 ,-1.026 ,0.703 ,-0.590 
100073,6.517 ,1.895 ,1.869 ,-0.981 ,-0.257 ,-0.386 
100074,5.960 ,2.099 ,2.084 ,-1.162 ,-1.013 ,-0.291 
100075,5.845 ,-0.630 ,2.842 ,-0.304 ,-1.472 ,1.176 
100076,7.347 ,0.410 ,2.783 ,0.046 ,1.323 ,0.245 
100077,7.626 ,0.765 ,2.784 ,-0.174 ,1.792 ,0.076 
100078,7.777 ,0.777 ,1.969 ,-0.564 ,2.179 ,-0.339 
100079,7.492 ,1.037 ,1.543 ,-0.904 ,1.804 ,-0.426 
100080,7.009 ,1.393 ,1.699 ,-1.384 ,1.075 ,-0.374 
100081,6.261 ,1.829 ,1.725 ,-1.572 ,0.047 ,-0.282 
100082,5.533 ,2.132 ,1.750 ,-1.423 ,-1.178 ,-0.106 
100083,6.225 ,-2.349 ,3.498 ,0.052 ,-0.739 ,1.492 
100084,6.589 ,-2.385 ,3.444 ,0.308 ,-0.195 ,1.148 
100085,6.101 ,-2.042 ,2.874 ,-0.163 ,-0.247 ,0.661 
100086,6.081 ,-1.922 ,2.752 ,-0.415 ,-0.067 ,0.544 
100087,6.060 ,-1.764 ,2.722 ,-0.052 ,0.094 ,0.418 
100088,6.213 ,-0.883 ,1.950 ,0.359 ,0.573 ,0.106 
100089,7.065 ,-0.380 ,2.168 ,-0.906 ,1.600 ,-0.103 
100090,7.105 ,-0.052 ,1.397 ,-0.943 ,1.749 ,-0.159 
100091,7.238 ,0.214 ,1.170 ,-1.162 ,2.007 ,-0.356 
100092,7.218 ,0.912 ,1.682 ,-1.270 ,1.827 ,-0.197 
100093,6.990 ,1.282 ,1.811 ,-1.362 ,1.310 ,-0.030 
100094,6.004 ,1.731 ,1.810 ,-1.328 ,-0.393 ,0.419 
100095,5.342 ,1.996 ,1.889 ,-1.129 ,-1.579 ,0.635 
100096,4.736 ,-2.709 ,2.368 ,0.492 ,-1.654 ,1.795 
100097,5.106 ,-3.288 ,2.527 ,-0.186 ,-1.117 ,1.364 
100098,5.135 ,-3.403 ,2.612 ,0.082 ,-1.140 ,1.244 
100099,5.574 ,-3.353 ,2.850 ,-0.242 ,-0.472 ,0.866 
100100,6.055 ,-3.301 ,2.740 ,-0.676 ,0.445 ,0.461 
100101,6.096 ,-2.781 ,2.373 ,-0.926 ,0.743 ,0.202 
100102,5.649 ,-2.292 ,1.473 ,-0.958 ,0.421 ,0.087 
100103,5.822 ,-2.630 ,1.858 ,-0.634 ,0.369 ,0.190 
100104,6.028 ,-2.645 ,1.858 ,-0.473 ,0.722 ,-0.018 
100105,5.701 ,-1.974 ,1.197 ,-0.775 ,0.614 ,-0.251 
100106,5.811 ,-1.431 ,0.947 ,-1.598 ,0.772 ,-0.453 
100107,6.248 ,-0.819 ,0.365 ,-1.735 ,1.388 ,-0.544 
100108,6.533 ,-0.035 ,0.900 ,-1.386 ,1.538 ,-0.306 
100109,6.761 ,0.664 ,1.464 ,-1.073 ,1.701 ,-0.109 
100110,6.785 ,1.144 ,1.837 ,-1.308 ,1.280 ,0.304 
100111,5.845 ,1.776 ,1.961 ,-0.983 ,-0.755 ,1.228 
100112,4.872 ,-4.831 ,1.768 ,0.463 ,-0.750 ,0.823 
100113,4.991 ,-4.174 ,1.735 ,0.375 ,-0.659 ,0.960 
100114,5.034 ,-4.124 ,1.794 ,-0.286 ,-0.475 ,0.647 
100115,5.043 ,-4.346 ,1.919 ,-0.471 ,-0.116 ,0.264 
100116,4.961 ,-4.164 ,1.311 ,-0.016 ,-0.136 ,0.301 
100117,5.029 ,-3.563 ,0.916 ,-0.758 ,0.156 ,0.086 
100118,5.052 ,-3.224 ,0.469 ,-1.070 ,0.328 ,-0.146 
100119,4.841 ,-2.804 ,-0.021 ,-1.059 ,0.167 ,-0.283 
100120,5.006 ,-2.904 ,0.269 ,-1.066 ,0.367 ,-0.309 
100121,5.247 ,-2.523 ,0.461 ,-1.117 ,0.577 ,-0.313 
100122,5.171 ,-2.110 ,0.083 ,-1.568 ,0.629 ,-0.589 
100123,5.037 ,-1.455 ,-0.210 ,-1.773 ,0.484 ,-0.617 
100124,5.423 ,-0.182 ,-0.060 ,-2.004 ,1.012 ,-0.535 
100125,5.984 ,-0.098 ,0.628 ,-1.497 ,1.523 ,-0.401 
100126,6.279 ,0.208 ,0.748 ,-0.575 ,1.640 ,-0.195 
100127,6.383 ,0.773 ,1.271 ,-0.941 ,1.309 ,0.256 
100128,5.349 ,1.577 ,1.670 ,-0.811 ,-0.670 ,1.297 
100129,4.642 ,-3.050 ,-0.980 ,-1.948 ,0.446 ,-0.592 
100130,4.750 ,-2.737 ,-0.925 ,-2.009 ,0.645 ,-0.726 
100131,4.999 ,-2.188 ,-0.477 ,-2.001 ,0.693 ,-0.523 
100132,4.898 ,-1.658 ,-0.520 ,-2.335 ,0.702 ,-0.554 
100133,4.698 ,-0.911 ,-0.939 ,-2.362 ,0.611 ,-0.593 
100134,5.010 ,0.483 ,-0.834 ,-2.039 ,1.039 ,-0.472 
100135,5.670 ,-0.317 ,0.179 ,-1.628 ,1.601 ,-0.439 
100136,5.951 ,-0.219 ,0.310 ,-0.665 ,1.722 ,-0.296 
100137,6.281 ,0.404 ,0.940 ,-0.674 ,1.596 ,0.210 
100138,5.267 ,0.991 ,1.081 ,-0.522 ,-0.032 ,1.012 
100139,4.033 ,-3.403 ,-0.760 ,-2.003 ,-0.574 ,-0.983 
100140,4.556 ,-2.533 ,-1.146 ,-2.109 ,0.445 ,-0.641 
100141,4.736 ,-2.052 ,-0.944 ,-2.060 ,0.611 ,-0.537 
100142,4.528 ,-1.741 ,-0.838 ,-2.581 ,0.465 ,-0.491 
100143,4.243 ,-1.248 ,-1.164 ,-3.064 ,0.351 ,-0.488 
100144,4.654 ,-0.346 ,-0.872 ,-2.392 ,0.851 ,-0.435 
100145,5.509 ,-0.484 ,-0.231 ,-1.859 ,1.644 ,-0.342 
100146,5.867 ,-0.423 ,-0.099 ,-1.541 ,1.956 ,-0.355 
100147,6.200 ,0.211 ,0.504 ,-0.556 ,1.857 ,0.123 
100148,5.585 ,0.728 ,0.844 ,-0.300 ,0.632 ,0.846 
100149,4.765 ,1.260 ,1.242 ,0.141 ,-0.827 ,1.494 
100150,3.894 ,-2.667 ,-1.476 ,-1.166 ,-0.086 ,-0.380 
100151,4.244 ,-2.302 ,-1.417 ,-1.828 ,0.394 ,-0.483 
100152,4.256 ,-2.108 ,-1.442 ,-1.775 ,0.494 ,-0.464 
100153,4.020 ,-1.512 ,-1.403 ,-2.348 ,0.373 ,-0.369 
100154,3.835 ,-1.128 ,-1.453 ,-2.921 ,0.205 ,-0.273 
100155,4.294 ,-0.740 ,-1.147 ,-2.567 ,0.643 ,-0.317 
100156,5.095 ,-0.519 ,-0.604 ,-2.094 ,1.414 ,-0.298 
100157,5.351 ,-0.175 ,-0.533 ,-1.945 ,1.557 ,-0.241 
100158,5.690 ,0.191 ,-0.123 ,-1.109 ,1.640 ,0.046 
100159,5.390 ,0.725 ,0.128 ,-0.164 ,0.682 ,0.730 
100160,4.978 ,1.153 ,0.642 ,0.516 ,-0.459 ,1.506 
100161,3.337 ,-2.218 ,-1.937 ,-0.875 ,-0.050 ,-0.610 
100162,3.772 ,-1.911 ,-1.673 ,-1.860 ,0.445 ,-0.552 
100163,3.839 ,-1.578 ,-1.892 ,-2.208 ,0.532 ,-0.428 
100164,3.697 ,-1.098 ,-2.322 ,-2.028 ,0.340 ,-0.289 
100165,3.708 ,-0.999 ,-1.829 ,-2.440 ,0.438 ,-0.240 
100166,3.793 ,-0.878 ,-1.842 ,-1.888 ,0.427 ,-0.219 
100167,4.066 ,-0.456 ,-1.738 ,-1.864 ,0.731 ,-0.391 
100168,4.453 ,-0.119 ,-1.581 ,-1.590 ,0.978 ,-0.275 
100169,4.724 ,0.061 ,-1.044 ,-1.147 ,0.873 ,0.083 
100170,5.019 ,0.823 ,-0.283 ,-0.951 ,0.651 ,0.620 
100171,4.872 ,1.301 ,0.001 ,0.841 ,-0.078 ,1.315 
100172,4.508 ,1.635 ,0.467 ,2.208 ,-0.780 ,1.699 
100173,3.094 ,-1.982 ,-2.019 ,-1.147 ,0.000 ,-0.474 
100174,3.206 ,-1.909 ,-1.820 ,-1.500 ,0.254 ,-0.607 
100175,3.373 ,-1.431 ,-2.097 ,-2.069 ,0.486 ,-0.417 
100176,3.357 ,-1.280 ,-2.678 ,-1.861 ,0.419 ,-0.295 
100177,3.283 ,-1.736 ,-2.561 ,-1.810 ,0.345 ,-0.382 
100178,3.674 ,-1.482 ,-1.726 ,-2.408 ,0.694 ,-0.470 
100179,3.605 ,-0.706 ,-2.261 ,-2.279 ,0.622 ,-0.623 
100180,4.074 ,-0.182 ,-1.701 ,-2.170 ,0.957 ,-0.461 
100181,4.556 ,-0.054 ,-1.089 ,-1.537 ,1.013 ,0.026 
100182,4.720 ,0.589 ,-0.771 ,-0.952 ,0.769 ,0.485 
100183,4.991 ,1.080 ,-0.255 ,0.304 ,0.581 ,1.050 
100184,4.874 ,1.332 ,0.241 ,1.823 ,-0.148 ,1.588 
100185,2.966 ,-2.550 ,-1.704 ,-0.736 ,-0.259 ,-0.195 
100186,2.919 ,-2.606 ,-1.952 ,-1.210 ,0.182 ,-0.626 
100187,3.080 ,-1.977 ,-2.218 ,-1.709 ,0.534 ,-0.624 
100188,3.111 ,-1.758 ,-2.360 ,-2.073 ,0.311 ,-0.398 
100189,2.770 ,-1.881 ,-2.687 ,-1.468 ,-0.200 ,-0.315 
100190,3.280 ,-1.699 ,-2.254 ,-2.137 ,0.578 ,-0.506 
100191,3.384 ,-1.143 ,-2.339 ,-1.936 ,0.801 ,-0.519 
100192,3.706 ,-0.357 ,-1.815 ,-1.918 ,0.905 ,-0.335 
100193,4.318 ,-0.148 ,-1.141 ,-1.738 ,1.153 ,-0.078 
100194,4.475 ,0.194 ,-1.111 ,-0.939 ,0.998 ,0.243 
100195,4.782 ,0.582 ,-0.644 ,0.075 ,0.917 ,0.711 
100196,5.001 ,0.731 ,-0.160 ,1.354 ,0.699 ,1.101 
100197,4.704 ,1.010 ,0.191 ,2.564 ,-0.218 ,1.592 
100198,4.697 ,1.329 ,0.847 ,2.502 ,-0.658 ,1.973 
100199,2.232 ,-3.652 ,-0.743 ,-0.400 ,-1.239 ,-0.973 
100200,2.060 ,-3.507 ,-1.187 ,-0.748 ,-1.013 ,-1.307 
100201,2.612 ,-2.687 ,-2.010 ,-0.920 ,-0.027 ,-0.797 
100202,2.724 ,-2.331 ,-2.341 ,-1.307 ,0.065 ,-0.558 
100203,2.602 ,-2.266 ,-2.516 ,-1.409 ,-0.089 ,-0.505 
100204,2.649 ,-1.886 ,-2.688 ,-1.081 ,0.206 ,-0.542 
100205,3.091 ,-1.193 ,-2.179 ,-1.768 ,0.648 ,-0.328 
100206,3.308 ,-0.688 ,-2.145 ,-1.674 ,0.796 ,-0.244 
100207,3.547 ,-0.472 ,-2.095 ,-1.074 ,1.006 ,-0.218 
100208,4.117 ,-0.095 ,-1.372 ,-0.899 ,1.239 ,0.006 
100209,4.510 ,0.290 ,-1.016 ,0.342 ,1.115 ,0.524 
100210,4.980 ,0.449 ,-0.329 ,0.981 ,1.238 ,0.862 
100211,5.028 ,0.357 ,0.035 ,1.484 ,0.902 ,1.166 
100212,4.976 ,0.686 ,0.495 ,1.983 ,0.296 ,1.630 
100213,4.926 ,1.162 ,0.858 ,2.287 ,-0.443 ,2.160 
100214,2.079 ,-3.983 ,-0.816 ,-0.146 ,-1.311 ,-0.857 
100215,2.003 ,-3.560 ,-1.228 ,-0.546 ,-0.953 ,-0.649 
100216,2.375 ,-3.057 ,-1.558 ,-0.599 ,-0.404 ,-0.351 
100217,2.367 ,-2.556 ,-2.218 ,-0.591 ,-0.225 ,-0.421 
100218,2.189 ,-2.453 ,-2.639 ,-0.931 ,-0.180 ,-0.488 
100219,2.371 ,-2.077 ,-2.524 ,-1.213 ,0.268 ,-0.578 
100220,2.689 ,-1.361 ,-2.113 ,-1.398 ,0.472 ,-0.331 
100221,3.047 ,-1.131 ,-2.019 ,-1.919 ,0.934 ,-0.376 
100222,3.228 ,-0.814 ,-2.156 ,-1.504 ,1.242 ,-0.445 
100223,3.510 ,-0.465 ,-2.009 ,-0.166 ,1.116 ,-0.116 
100224,4.335 ,-0.126 ,-0.897 ,-0.252 ,1.400 ,0.316 
100225,4.511 ,0.232 ,-0.656 ,0.734 ,1.089 ,0.808 
100226,4.730 ,0.293 ,-0.358 ,0.989 ,1.119 ,0.974 
100227,4.954 ,0.258 ,0.202 ,1.545 ,0.983 ,1.236 
100228,4.966 ,0.542 ,0.600 ,2.049 ,0.487 ,1.596 
100229,4.870 ,0.249 ,1.433 ,2.038 ,0.094 ,1.651 
100230,1.968 ,-3.940 ,-0.943 ,0.126 ,-1.053 ,-0.475 
100231,1.958 ,-3.355 ,-1.176 ,-0.116 ,-0.783 ,0.161 
100232,2.040 ,-3.149 ,-1.363 ,-0.341 ,-0.784 ,0.251 
100233,2.026 ,-2.794 ,-1.907 ,-0.628 ,-0.597 ,-0.067 
100234,1.967 ,-2.421 ,-2.494 ,-0.840 ,-0.386 ,-0.272 
100235,2.229 ,-1.946 ,-2.287 ,-0.459 ,-0.127 ,-0.257 
100236,2.235 ,-1.786 ,-2.080 ,-0.727 ,0.195 ,-0.262 
100237,2.535 ,-1.802 ,-2.114 ,-1.245 ,0.716 ,-0.500 
100238,2.845 ,-1.289 ,-2.568 ,-0.872 ,1.187 ,-0.600 
100239,3.552 ,-0.883 ,-1.368 ,-1.051 ,1.647 ,-0.305 
100240,4.044 ,-0.601 ,-0.860 ,-0.570 ,1.487 ,0.211 
100241,4.124 ,-0.205 ,-0.757 ,0.247 ,1.004 ,0.710 
100242,4.349 ,0.194 ,-0.757 ,0.613 ,1.168 ,0.816 
100243,4.462 ,0.345 ,-0.606 ,1.689 ,0.942 ,1.099 
100244,4.686 ,0.077 ,-0.126 ,1.998 ,0.913 ,1.196 
100245,4.897 ,-0.206 ,0.767 ,1.547 ,0.765 ,1.353 
100246,4.911 ,-0.372 ,1.767 ,2.179 ,0.168 ,1.772 
100247,1.775 ,-4.477 ,-0.104 ,0.889 ,-1.382 ,-0.394 
100248,1.639 ,-4.056 ,-0.372 ,0.549 ,-1.314 ,-0.287 
100249,1.653 ,-3.179 ,-0.990 ,0.297 ,-1.151 ,0.478 
100250,1.708 ,-3.331 ,-0.948 ,0.012 ,-1.185 ,0.584 
100251,1.800 ,-3.339 ,-1.364 ,-0.352 ,-0.841 ,0.149 
100252,1.987 ,-2.767 ,-1.794 ,-0.654 ,-0.490 ,-0.033 
100253,1.980 ,-2.283 ,-1.873 ,-0.203 ,-0.338 ,-0.046 
100254,1.870 ,-2.266 ,-2.214 ,-0.471 ,-0.035 ,-0.146 
100255,1.905 ,-2.153 ,-2.553 ,-0.112 ,0.235 ,-0.385 
100256,2.273 ,-1.605 ,-2.425 ,-0.288 ,0.889 ,-0.522 
100257,3.147 ,-1.345 ,-1.214 ,-1.037 ,1.500 ,-0.207 
100258,3.628 ,-0.885 ,-0.661 ,-0.773 ,1.453 ,0.173 
100259,3.760 ,-0.363 ,-0.596 ,-0.028 ,0.998 ,0.628 
100260,3.724 ,0.010 ,-1.136 ,1.307 ,0.733 ,0.922 
100261,4.407 ,0.074 ,-0.420 ,0.648 ,1.480 ,0.893 
100262,4.472 ,-0.175 ,-0.281 ,1.049 ,1.346 ,0.921 
100263,4.791 ,-0.261 ,0.386 ,1.274 ,1.153 ,1.201 
100264,4.996 ,-0.195 ,1.223 ,1.841 ,0.631 ,1.689 
100265,4.842 ,0.085 ,1.929 ,1.851 ,-0.001 ,2.103 
100266,1.570 ,-4.344 ,-0.625 ,1.291 ,-1.349 ,-0.341 
100267,1.368 ,-3.973 ,-0.691 ,0.979 ,-1.351 ,-0.259 
100268,1.365 ,-3.728 ,-0.545 ,0.387 ,-1.675 ,0.224 
100269,1.436 ,-4.509 ,-0.385 ,0.464 ,-1.850 ,0.285 
100270,1.331 ,-4.391 ,-0.710 ,0.115 ,-1.524 ,-0.169 
100271,1.834 ,-3.734 ,-1.343 ,-0.021 ,-0.754 ,0.053 
100272,1.950 ,-3.020 ,-1.686 ,-0.321 ,-0.466 ,0.035 
100273,1.697 ,-2.710 ,-2.194 ,-0.205 ,-0.237 ,-0.240 
100274,1.625 ,-2.535 ,-2.467 ,-0.220 ,0.081 ,-0.298 
100275,1.925 ,-2.117 ,-2.313 ,-0.552 ,0.677 ,-0.377 
100276,2.349 ,-1.756 ,-1.941 ,-0.229 ,0.928 ,-0.132 
100277,2.834 ,-1.078 ,-1.400 ,0.059 ,0.701 ,0.297 
100278,3.226 ,-0.602 ,-1.126 ,0.002 ,0.813 ,0.621 
100279,3.430 ,-0.400 ,-0.708 ,0.316 ,0.851 ,0.769 
100280,3.960 ,-0.255 ,-0.350 ,0.201 ,1.232 ,0.934 
100281,4.125 ,0.020 ,-0.473 ,0.631 ,1.240 ,1.061 
100282,4.296 ,0.080 ,-0.233 ,1.524 ,1.047 ,1.240 
100283,4.735 ,-0.052 ,0.616 ,0.989 ,1.244 ,1.327 
100284,4.818 ,0.076 ,1.015 ,0.768 ,1.150 ,1.375 
100285,4.820 ,-0.276 ,1.623 ,1.724 ,0.766 ,1.491 
100286,5.344 ,-0.753 ,2.851 ,2.313 ,0.424 ,2.023 
100287,1.222 ,-4.815 ,-0.591 ,1.332 ,-1.748 ,-0.685 
100288,1.261 ,-4.326 ,-1.075 ,1.272 ,-1.575 ,-0.228 
100289,1.228 ,-4.864 ,0.247 ,1.221 ,-1.836 ,-0.106 
100290,1.381 ,-5.795 ,0.726 ,1.270 ,-1.887 ,-0.104 
100291,1.013 ,-6.022 ,0.425 ,1.084 ,-2.199 ,-0.553 
100292,1.683 ,-5.267 ,-0.503 ,0.912 ,-0.970 ,-0.042 
100293,1.745 ,-4.416 ,-1.242 ,0.439 ,-0.784 ,0.120 
100294,1.510 ,-3.755 ,-1.797 ,0.014 ,-0.667 ,-0.054 
100295,1.398 ,-3.418 ,-2.129 ,-0.383 ,-0.245 ,-0.108 
100296,1.331 ,-2.802 ,-2.564 ,-0.484 ,0.072 ,-0.346 
100297,1.841 ,-2.183 ,-2.064 ,-0.483 ,0.642 ,-0.273 
100298,2.083 ,-1.446 ,-1.871 ,-0.156 ,0.627 ,-0.043 
100299,2.367 ,-0.909 ,-1.268 ,-0.065 ,0.523 ,0.334 
100300,2.956 ,-0.762 ,-0.537 ,-0.377 ,0.861 ,0.533 
100301,3.454 ,-0.444 ,-0.196 ,-0.712 ,1.173 ,0.667 
100302,3.613 ,-0.163 ,-0.431 ,-0.372 ,1.149 ,0.869 
100303,3.597 ,0.100 ,-0.628 ,0.911 ,0.941 ,1.059 
100304,4.051 ,-0.012 ,-0.104 ,0.635 ,1.287 ,0.996 
100305,4.203 ,0.054 ,0.181 ,0.803 ,1.272 ,1.001 
100306,4.465 ,0.028 ,0.866 ,1.560 ,1.118 ,1.266 
100307,5.188 ,-0.090 ,1.907 ,2.192 ,1.149 ,1.803 
100308,5.146 ,-0.134 ,2.246 ,2.795 ,0.518 ,2.198 
100309,1.216 ,-5.342 ,-0.081 ,1.652 ,-1.715 ,-0.592 
100310,1.225 ,-4.984 ,-0.751 ,1.486 ,-1.579 ,-0.307 
100311,1.437 ,-5.861 ,1.003 ,1.686 ,-1.701 ,-0.483 
100312,1.312 ,-6.740 ,2.764 ,2.010 ,-1.689 ,-0.829 
100313,1.368 ,-7.229 ,2.474 ,1.960 ,-1.526 ,-0.850 
100314,2.021 ,-7.272 ,1.716 ,2.130 ,-0.771 ,-0.181 
100315,1.835 ,-5.972 ,-0.065 ,1.652 ,-0.695 ,-0.056 
100316,1.595 ,-4.861 ,-1.123 ,0.821 ,-0.625 ,0.045 
100317,1.499 ,-4.137 ,-1.374 ,0.119 ,-0.449 ,0.169 
100318,1.246 ,-3.145 ,-2.084 ,-0.217 ,-0.159 ,-0.069 
100319,1.461 ,-2.495 ,-2.302 ,-0.089 ,0.425 ,-0.272 
100320,1.784 ,-1.761 ,-1.767 ,-0.304 ,0.461 ,0.086 
100321,2.024 ,-1.175 ,-1.297 ,0.168 ,0.308 ,0.530 
100322,2.308 ,-1.137 ,-0.751 ,0.156 ,0.374 ,0.636 
100323,2.960 ,-0.707 ,-0.255 ,-0.494 ,0.930 ,0.631 
100324,3.229 ,-0.220 ,-0.463 ,0.040 ,1.114 ,0.809 
100325,3.580 ,-0.039 ,-0.284 ,-0.277 ,1.399 ,0.835 
100326,3.723 ,-0.094 ,-0.178 ,0.099 ,1.372 ,0.868 
100327,3.731 ,0.063 ,-0.160 ,0.492 ,1.135 ,0.959 
100328,4.079 ,0.285 ,0.428 ,1.096 ,1.136 ,1.230 
100329,4.814 ,0.141 ,1.337 ,2.133 ,1.350 ,1.668 
100330,4.652 ,-0.064 ,1.666 ,2.625 ,0.722 ,1.870 
100331,4.418 ,-0.490 ,1.785 ,2.087 ,-0.077 ,2.064 
100332,1.181 ,-5.391 ,-0.019 ,1.719 ,-1.933 ,-0.263 
100333,1.137 ,-5.364 ,-0.627 ,1.771 ,-1.742 ,-0.114 
100334,1.216 ,-6.108 ,2.080 ,2.143 ,-1.676 ,-0.844 
100335,1.217 ,-5.957 ,1.631 ,1.620 ,-1.078 ,-1.182 
100336,1.509 ,-6.779 ,2.394 ,2.141 ,-0.710 ,-1.013 
100337,2.271 ,-8.753 ,4.589 ,3.256 ,-0.502 ,-0.360 
100338,2.346 ,-8.464 ,3.955 ,3.142 ,-0.458 ,-0.260 
100339,2.016 ,-6.240 ,1.240 ,2.371 ,-0.325 ,-0.160 
100340,1.679 ,-4.560 ,-0.262 ,1.307 ,-0.257 ,0.332 
100341,1.483 ,-3.179 ,-1.458 ,0.396 ,0.161 ,0.263 
100342,1.418 ,-2.659 ,-1.954 ,0.664 ,0.494 ,0.084 
100343,1.506 ,-2.011 ,-1.817 ,0.264 ,0.254 ,0.299 
100344,1.390 ,-1.490 ,-1.689 ,0.138 ,-0.145 ,0.728 
100345,1.638 ,-1.289 ,-1.316 ,0.401 ,0.162 ,0.769 
100346,2.173 ,-0.783 ,-0.993 ,0.505 ,0.596 ,0.791 
100347,2.745 ,-0.365 ,-0.519 ,0.522 ,1.080 ,0.789 
100348,3.297 ,-0.311 ,0.194 ,-0.262 ,1.517 ,0.746 
100349,3.202 ,-0.148 ,-0.053 ,-0.230 ,1.100 ,0.902 
100350,3.206 ,0.032 ,-0.354 ,-0.010 ,0.879 ,1.086 
100351,3.621 ,0.097 ,0.215 ,0.410 ,1.083 ,1.224 
100352,4.007 ,-0.031 ,0.569 ,1.635 ,1.049 ,1.538 
100353,4.002 ,-0.245 ,0.609 ,1.891 ,0.747 ,1.602 
100354,3.793 ,-0.491 ,0.930 ,1.853 ,0.202 ,1.633 
100355,3.636 ,-1.007 ,1.401 ,1.861 ,-0.644 ,1.781 
100356,3.438 ,-1.815 ,1.808 ,1.567 ,-1.447 ,1.815 
100357,1.520 ,-6.577 ,3.431 ,2.763 ,-0.366 ,-0.823 
100358,1.855 ,-7.195 ,3.733 ,2.787 ,-0.034 ,-0.805 
100359,1.865 ,-8.080 ,5.355 ,3.287 ,-0.439 ,-0.269 
100360,2.006 ,-7.469 ,5.151 ,3.409 ,-0.354 ,0.074 
100361,1.375 ,-4.848 ,1.960 ,2.207 ,-0.102 ,-0.296 
100362,1.353 ,-3.195 ,-1.075 ,1.234 ,0.290 ,-0.065 
100363,1.494 ,-2.689 ,-1.655 ,0.903 ,0.623 ,0.265 
100364,1.226 ,-1.934 ,-1.843 ,0.710 ,0.095 ,0.421 
100365,0.930 ,-1.272 ,-2.335 ,0.190 ,-0.263 ,0.566 
100366,1.258 ,-1.100 ,-1.949 ,0.374 ,0.183 ,0.573 
100367,1.685 ,-0.758 ,-1.484 ,0.617 ,0.643 ,0.622 
100368,1.795 ,-0.364 ,-1.069 ,0.946 ,0.710 ,0.659 
100369,2.380 ,-0.419 ,-0.323 ,-0.060 ,0.932 ,0.678 
100370,2.501 ,-0.288 ,-0.334 ,-0.360 ,0.766 ,0.735 
100371,2.653 ,-0.228 ,-0.460 ,-0.353 ,0.647 ,0.986 
100372,3.030 ,-0.250 ,-0.113 ,-0.183 ,0.935 ,1.082 
100373,3.152 ,-0.201 ,0.000 ,0.481 ,0.754 ,1.164 
100374,3.194 ,-0.338 ,-0.112 ,0.797 ,0.694 ,1.040 
100375,3.233 ,-0.400 ,0.021 ,1.276 ,0.381 ,1.158 
100376,3.223 ,-0.578 ,0.549 ,1.501 ,-0.251 ,1.487 
100377,3.137 ,-1.031 ,0.782 ,1.467 ,-0.845 ,1.531 
100378,1.107 ,-5.779 ,3.486 ,2.682 ,-0.054 ,-1.098 
100379,0.744 ,-5.529 ,3.710 ,2.466 ,-0.395 ,-0.881 
100380,0.549 ,-4.061 ,1.829 ,1.747 ,-0.218 ,-0.959 
100381,0.528 ,-3.050 ,0.779 ,1.198 ,-0.006 ,-0.708 
100382,0.758 ,-2.921 ,-0.329 ,1.182 ,0.209 ,-0.802 
100383,0.853 ,-2.722 ,-0.619 ,1.140 ,0.235 ,-0.459 
100384,0.984 ,-1.995 ,-1.793 ,0.695 ,0.234 ,0.334 
100385,0.768 ,-1.368 ,-2.324 ,0.449 ,0.096 ,0.252 
100386,0.877 ,-1.086 ,-2.551 ,0.399 ,0.319 ,0.340 
100387,1.076 ,-0.848 ,-2.056 ,0.615 ,0.374 ,0.403 
100388,1.096 ,-0.480 ,-1.491 ,1.056 ,0.300 ,0.374 
100389,1.293 ,-0.523 ,-1.532 ,0.879 ,0.519 ,0.528 
100390,1.594 ,-0.691 ,-1.453 ,0.245 ,0.588 ,0.351 
100391,1.946 ,-0.588 ,-1.119 ,-0.454 ,0.536 ,0.574 
100392,2.320 ,-0.436 ,-0.840 ,-0.567 ,0.687 ,0.766 
100393,2.518 ,-0.402 ,-0.718 ,-0.406 ,0.783 ,0.665 
100394,2.620 ,-0.341 ,-0.648 ,-0.273 ,0.801 ,0.610 
100395,2.953 ,-0.227 ,-0.418 ,0.119 ,0.685 ,0.892 
100396,2.847 ,-0.263 ,-0.074 ,0.589 ,0.065 ,1.157 
100397,2.640 ,-0.267 ,-0.032 ,0.978 ,-0.560 ,1.359 
100398,2.503 ,-0.692 ,0.311 ,1.194 ,-1.327 ,1.301 
100399,2.223 ,-1.168 ,0.718 ,0.908 ,-2.217 ,1.479 
100400,-0.319 ,-1.490 ,-0.378 ,0.904 ,0.039 ,-1.541 
100401,-0.232 ,-2.286 ,1.432 ,1.138 ,-0.365 ,-0.901 
100402,0.054 ,-2.342 ,0.784 ,1.092 ,-0.005 ,-1.002 
100403,0.553 ,-2.384 ,-0.998 ,0.948 ,0.415 ,-0.658 
100404,0.715 ,-2.130 ,-1.509 ,0.841 ,0.431 ,-0.151 
100405,0.782 ,-1.660 ,-2.182 ,0.470 ,0.760 ,-0.079 
100406,0.613 ,-1.174 ,-2.696 ,0.289 ,0.496 ,-0.072 
100407,0.663 ,-0.902 ,-2.490 ,0.278 ,0.328 ,0.231 
100408,0.748 ,-0.447 ,-2.115 ,0.668 ,0.174 ,0.492 
100409,0.802 ,-0.674 ,-2.012 ,0.931 ,0.284 ,0.493 
100410,0.885 ,-1.003 ,-1.988 ,0.461 ,0.398 ,0.085 
100411,1.193 ,-0.664 ,-1.953 ,-0.402 ,0.183 ,0.300 
100412,1.549 ,-0.559 ,-1.620 ,-0.551 ,0.533 ,0.305 
100413,1.773 ,-0.556 ,-1.539 ,-0.746 ,0.881 ,0.046 
100414,2.035 ,-0.324 ,-1.457 ,-1.026 ,0.917 ,0.165 
100415,2.368 ,-0.032 ,-1.040 ,-0.849 ,0.783 ,0.486 
100416,2.393 ,0.022 ,-0.771 ,-0.175 ,0.210 ,0.738 
100417,2.298 ,0.076 ,-0.698 ,0.486 ,-0.301 ,0.958 
100418,2.105 ,0.058 ,-0.283 ,0.999 ,-1.185 ,1.217 
100419,1.959 ,-0.452 ,0.716 ,0.381 ,-2.200 ,1.407 
100420,-0.957 ,-1.661 ,1.915 ,1.124 ,-0.628 ,-0.752 
100421,-0.595 ,-1.617 ,1.187 ,1.081 ,-0.274 ,-0.973 
100422,0.278 ,-1.878 ,-0.625 ,1.086 ,0.727 ,-1.142 
100423,0.537 ,-1.860 ,-1.562 ,0.795 ,0.978 ,-0.710 
100424,0.458 ,-1.422 ,-2.410 ,0.305 ,0.731 ,-0.374 
100425,0.612 ,-0.708 ,-2.385 ,0.252 ,0.558 ,0.154 
100426,0.570 ,-0.370 ,-2.128 ,0.407 ,0.230 ,0.501 
100427,0.600 ,-0.586 ,-2.300 ,0.497 ,0.293 ,0.551 
100428,0.436 ,-0.954 ,-2.445 ,0.546 ,0.217 ,0.290 
100429,0.674 ,-0.775 ,-2.313 ,0.027 ,0.426 ,0.051 
100430,0.912 ,-0.619 ,-2.010 ,-0.259 ,0.808 ,-0.157 
100431,1.214 ,-0.623 ,-1.998 ,-0.626 ,0.997 ,-0.317 
100432,1.596 ,-0.356 ,-1.872 ,-1.355 ,0.950 ,-0.022 
100433,1.852 ,-0.127 ,-1.556 ,-1.153 ,0.657 ,0.301 
100434,1.901 ,0.075 ,-1.163 ,-0.581 ,0.202 ,0.542 
100435,1.944 ,0.260 ,-0.883 ,-0.335 ,-0.310 ,0.891 
100436,1.778 ,0.464 ,-0.580 ,0.105 ,-1.108 ,1.233 
100437,-1.312 ,-1.246 ,1.622 ,1.051 ,-0.639 ,-0.780 
100438,-0.695 ,-1.342 ,0.747 ,0.988 ,0.154 ,-1.028 
100439,-0.274 ,-1.122 ,-1.055 ,0.677 ,0.606 ,-1.157 
100440,0.174 ,-1.423 ,-2.005 ,0.458 ,0.664 ,-0.565 
100441,0.439 ,-1.057 ,-1.599 ,0.570 ,0.545 ,-0.196 
100442,0.497 ,-0.679 ,-1.978 ,0.463 ,0.374 ,0.293 
100443,0.397 ,-0.682 ,-2.204 ,0.290 ,0.262 ,0.349 
100444,0.316 ,-0.733 ,-2.490 ,0.203 ,0.290 ,0.212 
100445,0.158 ,-0.655 ,-2.735 ,0.259 ,0.386 ,-0.042 
100446,0.352 ,-0.518 ,-2.657 ,-0.298 ,0.661 ,-0.228 
100447,0.607 ,-0.589 ,-2.285 ,-0.368 ,0.856 ,-0.333 
100448,1.273 ,-0.351 ,-1.873 ,-1.052 ,0.809 ,-0.035 
100449,1.512 ,-0.145 ,-1.701 ,-1.156 ,0.579 ,0.304 
100450,1.612 ,-0.051 ,-1.418 ,-0.712 ,0.155 ,0.591 
100451,1.680 ,0.083 ,-0.872 ,-0.428 ,-0.425 ,0.909 
100452,1.457 ,0.314 ,-0.775 ,0.028 ,-1.236 ,1.243 
100453,1.208 ,0.749 ,-0.176 ,-0.361 ,-2.107 ,1.425 
100454,-0.488 ,-2.671 ,-1.254 ,1.567 ,-0.115 ,-0.922 
100455,-0.979 ,-1.849 ,-1.248 ,1.258 ,-0.371 ,-1.177 
100456,-1.139 ,-1.228 ,-1.942 ,1.305 ,-0.288 ,-0.832 
100457,-1.319 ,-1.007 ,-2.088 ,1.790 ,-0.109 ,-0.841 
100458,-1.585 ,-0.918 ,-0.864 ,1.685 ,-0.285 ,-0.915 
100459,-1.690 ,-0.504 ,-0.049 ,0.804 ,-0.295 ,-1.115 
100460,-1.520 ,0.370 ,-1.225 ,0.227 ,0.059 ,-1.246 
100461,-1.197 ,-0.049 ,-1.206 ,0.369 ,0.008 ,-0.988 
100462,-0.371 ,-0.687 ,-0.724 ,0.933 ,0.094 ,-0.755 
100463,0.138 ,-0.788 ,-1.666 ,0.650 ,0.310 ,-0.139 
100464,-0.032 ,-0.873 ,-2.262 ,0.317 ,0.239 ,-0.083 
100465,-0.039 ,-0.701 ,-2.728 ,-0.028 ,0.354 ,-0.101 
100466,-0.050 ,-0.470 ,-3.070 ,-0.391 ,0.538 ,-0.164 
100467,-0.123 ,-0.549 ,-3.175 ,-0.440 ,0.504 ,-0.291 
100468,0.165 ,-0.690 ,-2.706 ,-0.456 ,0.692 ,-0.283 
100469,0.683 ,-0.456 ,-2.125 ,-0.842 ,0.721 ,-0.266 
100470,1.127 ,-0.127 ,-1.835 ,-1.135 ,0.494 ,0.159 
100471,1.362 ,-0.106 ,-1.363 ,-0.992 ,0.155 ,0.547 
100472,-1.554 ,-1.552 ,0.172 ,1.397 ,-0.434 ,-1.123 
100473,-1.505 ,-0.985 ,-0.429 ,1.307 ,-0.291 ,-1.189 
100474,-1.515 ,-0.829 ,-0.898 ,1.467 ,-0.227 ,-1.093 
100475,-1.687 ,-0.605 ,-0.905 ,1.400 ,-0.313 ,-1.078 
100476,-2.155 ,0.124 ,-1.212 ,1.044 ,-0.411 ,-1.157 
100477,-2.159 ,1.151 ,-2.431 ,0.514 ,-0.110 ,-1.393 
100478,-1.911 ,1.099 ,-2.178 ,0.210 ,-0.063 ,-1.259 
100479,-1.618 ,0.425 ,-1.274 ,0.271 ,-0.094 ,-1.173 
100480,-0.471 ,-0.404 ,-1.927 ,0.639 ,-0.015 ,-0.412 
100481,-0.423 ,-0.610 ,-2.494 ,0.211 ,-0.066 ,-0.360 
100482,-0.365 ,-0.667 ,-2.776 ,-0.059 ,0.128 ,-0.226 
100483,-0.326 ,-0.433 ,-2.985 ,-0.283 ,0.271 ,-0.203 
100484,-0.427 ,-0.726 ,-2.858 ,-0.353 ,0.302 ,-0.389 
100485,-0.135 ,-0.889 ,-2.649 ,-0.417 ,0.570 ,-0.400 
100486,0.213 ,-0.648 ,-2.282 ,-0.608 ,0.619 ,-0.348 
100487,0.806 ,-0.396 ,-1.822 ,-1.086 ,0.382 ,0.046 
100488,1.020 ,-0.250 ,-1.175 ,-0.990 ,-0.099 ,0.462 
100489,1.268 ,-0.083 ,-0.658 ,-1.163 ,-0.634 ,1.080 
100490,-1.319 ,-0.969 ,-0.772 ,1.392 ,0.145 ,-1.460 
100491,-1.583 ,-0.716 ,-0.498 ,1.649 ,0.197 ,-2.033 
100492,-1.877 ,-0.383 ,-0.424 ,1.432 ,-0.158 ,-1.823 
100493,-2.352 ,0.479 ,-0.767 ,0.880 ,-0.563 ,-1.346 
100494,-2.488 ,1.391 ,-1.619 ,0.376 ,-0.374 ,-1.559 
100495,-2.301 ,1.416 ,-2.514 ,0.505 ,-0.117 ,-1.487 
100496,-2.056 ,0.945 ,-2.041 ,0.550 ,-0.069 ,-1.560 
100497,-1.058 ,0.323 ,-2.316 ,0.464 ,0.002 ,-0.967 
100498,-0.769 ,-0.181 ,-2.826 ,0.286 ,-0.219 ,-0.356 
100499,-0.699 ,-0.524 ,-2.597 ,0.264 ,-0.312 ,-0.166 
100500,-0.596 ,-0.576 ,-2.687 ,0.176 ,0.018 ,-0.154 
100501,-0.468 ,-0.833 ,-2.743 ,-0.014 ,0.277 ,-0.307 
100502,-0.336 ,-0.901 ,-2.672 ,-0.250 ,0.411 ,-0.400 
100503,-0.018 ,-0.668 ,-2.335 ,-0.644 ,0.393 ,-0.282 
100504,0.504 ,-0.576 ,-1.979 ,-1.000 ,0.156 ,0.098 
100505,0.800 ,-0.395 ,-1.399 ,-0.858 ,-0.258 ,0.451 
100506,0.958 ,-0.135 ,-0.832 ,-0.726 ,-0.845 ,1.037 
100507,0.013 ,1.150 ,-0.939 ,-2.775 ,-2.330 ,1.226 
100508,-1.510 ,-0.971 ,-0.435 ,2.048 ,0.483 ,-2.326 
100509,-1.736 ,-0.809 ,-0.470 ,1.965 ,0.208 ,-2.034 
100510,-2.194 ,0.233 ,-0.211 ,1.110 ,-0.380 ,-1.357 
100511,-2.392 ,1.084 ,-1.369 ,0.713 ,-0.320 ,-1.152 
100512,-2.492 ,1.188 ,-2.001 ,0.710 ,-0.155 ,-1.278 
100513,-2.444 ,0.983 ,-1.480 ,0.599 ,-0.089 ,-1.925 
100514,-1.675 ,0.811 ,-2.539 ,0.734 ,0.069 ,-1.461 
100515,-1.459 ,0.287 ,-1.619 ,0.603 ,-0.228 ,-1.390 
100516,-0.882 ,-0.189 ,-2.113 ,0.440 ,-0.239 ,-0.664 
100517,-0.542 ,-0.536 ,-2.239 ,0.508 ,-0.021 ,-0.393 
100518,-0.484 ,-0.797 ,-2.336 ,0.242 ,0.203 ,-0.376 
100519,-0.448 ,-0.751 ,-2.536 ,-0.175 ,0.274 ,-0.356 
100520,-0.242 ,-0.608 ,-2.461 ,-0.460 ,0.126 ,-0.141 
100521,0.242 ,-0.515 ,-2.045 ,-1.016 ,0.061 ,0.212 
100522,0.487 ,-0.426 ,-1.664 ,-0.778 ,-0.265 ,0.287 
100523,0.607 ,-0.091 ,-1.208 ,-0.947 ,-0.597 ,0.586 
100524,-1.154 ,-1.108 ,-0.129 ,2.420 ,0.451 ,-1.753 
100525,-1.506 ,-1.098 ,0.583 ,2.454 ,0.122 ,-1.793 
100526,-1.798 ,-0.336 ,0.418 ,1.640 ,-0.237 ,-1.098 
100527,-2.191 ,0.272 ,-0.083 ,1.406 ,-0.296 ,-0.957 
100528,-2.229 ,0.257 ,-0.975 ,1.371 ,0.129 ,-1.172 
100529,-2.411 ,0.327 ,-1.089 ,0.922 ,0.257 ,-1.842 
100530,-2.073 ,0.554 ,-1.694 ,0.605 ,0.355 ,-1.992 
100531,-1.835 ,0.381 ,-1.935 ,0.766 ,0.039 ,-1.478 
100532,-1.733 ,-0.205 ,-0.672 ,1.005 ,-0.282 ,-1.276 
100533,-0.878 ,-0.427 ,-1.261 ,1.067 ,0.025 ,-0.897 
100534,-0.372 ,-0.650 ,-2.014 ,0.717 ,0.311 ,-0.139 
100535,-0.468 ,-0.552 ,-2.112 ,0.156 ,0.324 ,-0.211 
100536,-0.408 ,-0.548 ,-2.184 ,-0.265 ,0.038 ,-0.034 
100537,-0.192 ,-0.333 ,-1.914 ,-0.785 ,-0.064 ,0.051 
100538,0.087 ,-0.222 ,-1.666 ,-0.705 ,-0.111 ,0.214 
100539,0.283 ,0.124 ,-1.391 ,-1.108 ,-0.486 ,0.447 
100540,0.140 ,0.512 ,-1.360 ,-1.726 ,-0.958 ,0.515 
100541,-0.244 ,1.337 ,-1.040 ,-3.225 ,-1.695 ,1.021 
100542,-0.810 ,-0.893 ,-1.139 ,1.939 ,0.608 ,-0.737 
100543,-0.810 ,-0.981 ,-0.780 ,2.157 ,0.569 ,-0.956 
100544,-1.070 ,-0.923 ,-0.165 ,2.483 ,0.348 ,-1.403 
100545,-1.472 ,-0.556 ,0.140 ,2.415 ,0.101 ,-1.498 
100546,-1.546 ,-0.353 ,0.381 ,1.959 ,0.080 ,-0.769 
100547,-2.089 ,-1.140 ,1.819 ,2.405 ,-0.113 ,-1.067 
100548,-2.346 ,-1.153 ,0.938 ,1.843 ,-0.007 ,-1.351 
100549,-2.419 ,-0.559 ,-0.204 ,1.119 ,0.260 ,-1.904 
100550,-2.148 ,0.429 ,-1.272 ,0.486 ,0.295 ,-1.772 
100551,-1.977 ,0.446 ,-2.233 ,1.062 ,-0.051 ,-0.881 
100552,-1.427 ,0.241 ,-1.709 ,1.187 ,-0.033 ,-0.721 
100553,-0.449 ,-0.189 ,-1.859 ,0.998 ,0.301 ,-0.098 
100554,-0.479 ,-0.225 ,-1.797 ,0.663 ,0.333 ,0.029 
100555,-0.544 ,-0.290 ,-1.956 ,0.101 ,0.049 ,0.041 
100556,-0.454 ,-0.268 ,-1.919 ,-0.627 ,-0.002 ,0.109 
100557,-0.276 ,0.016 ,-2.010 ,-0.566 ,-0.276 ,0.426 
100558,0.013 ,0.228 ,-1.530 ,-0.711 ,-0.528 ,0.650 
100559,0.106 ,0.789 ,-0.987 ,-2.789 ,-0.923 ,0.896 
100560,-0.172 ,0.844 ,-0.553 ,-2.993 ,-1.762 ,1.226 
100561,-0.880 ,-0.728 ,-1.672 ,1.739 ,0.676 ,-0.313 
100562,-1.026 ,-0.631 ,-1.588 ,1.838 ,0.482 ,-0.430 
100563,-0.932 ,-0.742 ,-1.269 ,1.855 ,0.317 ,-0.480 
100564,-1.169 ,-0.841 ,-0.596 ,2.225 ,0.240 ,-0.974 
100565,-1.191 ,-0.974 ,0.119 ,2.632 ,0.410 ,-1.074 
100566,-1.086 ,-1.708 ,1.821 ,3.176 ,0.506 ,-0.918 
100567,-1.921 ,-2.377 ,3.047 ,2.727 ,-0.199 ,-1.042 
100568,-2.508 ,-1.548 ,1.500 ,1.941 ,-0.155 ,-1.414 
100569,-2.846 ,0.084 ,-0.063 ,1.006 ,-0.152 ,-1.801 
100570,-2.473 ,1.319 ,-1.536 ,0.529 ,0.007 ,-1.522 
100571,-1.888 ,1.251 ,-2.915 ,0.931 ,0.172 ,-0.675 
100572,-1.626 ,0.522 ,-1.049 ,1.142 ,0.038 ,-1.053 
100573,-0.716 ,0.045 ,-2.215 ,0.760 ,0.396 ,-0.001 
100574,-0.803 ,-0.006 ,-2.135 ,0.154 ,0.101 ,0.060 
100575,-0.793 ,0.085 ,-2.290 ,-0.368 ,-0.127 ,0.153 
100576,-0.561 ,0.319 ,-1.970 ,-0.601 ,-0.408 ,0.735 
100577,-0.223 ,-0.045 ,-1.225 ,-0.750 ,-0.643 ,0.864 
100578,-0.114 ,0.346 ,-1.003 ,-1.075 ,-0.885 ,0.947 
100579,0.630 ,0.086 ,-0.356 ,-2.828 ,-0.297 ,0.933 
100580,-0.118 ,0.390 ,-0.289 ,-3.143 ,-1.588 ,1.269 
100581,-1.188 ,-0.307 ,-2.010 ,1.695 ,0.322 ,-0.162 
100582,-1.090 ,-0.915 ,-1.542 ,2.145 ,0.198 ,-0.093 
100583,-1.025 ,-1.217 ,-1.117 ,2.263 ,0.385 ,-0.538 
100584,-0.979 ,-1.305 ,-0.580 ,2.574 ,0.618 ,-1.033 
100585,-0.760 ,-1.472 ,0.302 ,3.176 ,0.837 ,-1.242 
100586,-1.084 ,-2.753 ,2.632 ,3.342 ,0.174 ,-1.169 
100587,-2.165 ,-1.846 ,2.312 ,2.492 ,-0.249 ,-1.273 
100588,-2.976 ,-0.071 ,1.121 ,1.599 ,-0.474 ,-1.643 
100589,-2.633 ,1.819 ,-1.172 ,0.482 ,0.133 ,-1.962 
100590,-2.199 ,1.925 ,-2.974 ,0.534 ,0.414 ,-1.336 
100591,-2.006 ,1.046 ,-1.832 ,0.920 ,0.244 ,-1.335 
100592,-1.326 ,0.488 ,-1.942 ,0.762 ,0.178 ,-0.619 
100593,-1.161 ,0.348 ,-2.524 ,0.244 ,-0.034 ,0.131 
100594,-1.094 ,0.538 ,-2.375 ,-0.468 ,-0.347 ,0.154 
100595,-0.778 ,0.405 ,-1.757 ,-0.630 ,-0.633 ,0.825 
100596,-0.386 ,0.127 ,-1.124 ,-0.708 ,-0.502 ,0.860 
100597,0.197 ,-0.189 ,-0.695 ,-1.444 ,-0.634 ,1.219 
100598,0.525 ,-0.156 ,-0.177 ,-2.851 ,-0.253 ,0.937 
100599,-0.372 ,0.013 ,-0.170 ,-3.216 ,-1.782 ,0.876 
100600,-1.065 ,-0.886 ,-1.604 ,2.187 ,0.242 ,-0.051 
100601,-1.166 ,-1.073 ,-1.323 ,2.125 ,0.340 ,-0.448 
100602,-1.119 ,-1.161 ,-0.982 ,2.402 ,0.606 ,-0.875 
100603,-0.981 ,-1.224 ,-0.523 ,2.727 ,0.769 ,-1.083 
100604,-1.055 ,-1.705 ,0.143 ,2.763 ,0.424 ,-0.668 
100605,-1.595 ,-1.354 ,1.086 ,2.672 ,0.193 ,-1.056 
100606,-2.521 ,-0.360 ,1.565 ,2.210 ,-0.269 ,-1.344 
100607,-2.224 ,1.581 ,-1.381 ,0.923 ,0.414 ,-1.708 
100608,-2.393 ,2.003 ,-1.692 ,0.492 ,0.331 ,-1.619 
100609,-1.984 ,1.481 ,-2.469 ,0.769 ,0.382 ,-1.177 
100610,-1.727 ,1.042 ,-2.220 ,0.978 ,0.056 ,-0.478 
100611,-1.437 ,0.721 ,-2.336 ,0.718 ,-0.206 ,0.090 
100612,-1.052 ,0.592 ,-2.349 ,-0.075 ,-0.224 ,0.370 
100613,-0.643 ,0.201 ,-1.608 ,-0.013 ,-0.378 ,0.849 
100614,-0.387 ,0.074 ,-0.888 ,-0.344 ,-0.467 ,1.140 
100615,-0.244 ,-0.192 ,-0.861 ,-0.796 ,-0.892 ,1.362 
100616,0.074 ,-0.130 ,-0.403 ,-2.007 ,-0.593 ,1.105 
100617,-1.622 ,-0.213 ,-1.694 ,1.745 ,0.020 ,-0.262 
100618,-1.541 ,-0.603 ,-1.385 ,2.163 ,0.282 ,-0.606 
100619,-1.421 ,-0.802 ,-0.882 ,2.684 ,0.456 ,-0.931 
100620,-1.447 ,-0.622 ,-1.136 ,2.396 ,0.306 ,-0.634 
100621,-1.301 ,-1.113 ,0.558 ,2.921 ,0.148 ,-0.703 
100622,-1.804 ,-0.821 ,2.016 ,2.740 ,-0.055 ,-0.708 
100623,-2.250 ,0.822 ,0.042 ,1.586 ,0.018 ,-1.080 
100624,-2.246 ,1.990 ,-2.145 ,0.646 ,0.412 ,-1.337 
100625,-2.192 ,1.805 ,-2.098 ,0.586 ,0.223 ,-1.003 
100626,-1.780 ,1.348 ,-3.128 ,1.193 ,-0.010 ,0.177 
100627,-1.647 ,1.088 ,-2.465 ,0.980 ,-0.369 ,0.258 
100628,-1.479 ,0.858 ,-2.477 ,0.596 ,-0.355 ,0.376 
100629,-1.058 ,0.058 ,-1.351 ,0.604 ,-0.331 ,0.651 
100630,-0.615 ,-0.250 ,-0.838 ,0.108 ,-0.703 ,1.297 
100631,-0.711 ,-0.036 ,-1.040 ,-0.069 ,-0.928 ,1.421 
100632,-0.417 ,0.002 ,-0.744 ,-0.829 ,-0.940 ,1.288 
100633,-1.021 ,0.169 ,0.105 ,-3.778 ,-1.802 ,-0.049 
100634,-1.659 ,0.132 ,-1.494 ,1.979 ,0.204 ,-0.479 
100635,-1.499 ,-0.310 ,-0.738 ,2.792 ,0.415 ,-0.929 
100636,-1.415 ,-0.104 ,-0.953 ,2.515 ,0.244 ,-0.434 
100637,-1.477 ,-0.370 ,0.157 ,2.726 ,-0.090 ,-0.358 
100638,-1.735 ,-0.656 ,1.752 ,2.862 ,-0.184 ,-0.346 
100639,-2.451 ,0.737 ,0.770 ,1.694 ,-0.233 ,-0.747 
100640,-2.308 ,1.831 ,-2.223 ,0.678 ,0.293 ,-1.126 
100641,-2.295 ,1.925 ,-2.092 ,0.496 ,0.083 ,-0.966 
100642,-1.986 ,1.680 ,-2.356 ,0.788 ,-0.223 ,-0.190 
100643,-1.891 ,1.201 ,-2.850 ,1.045 ,-0.513 ,0.585 
100644,-1.929 ,0.828 ,-2.296 ,0.929 ,-0.542 ,0.325 
100645,-1.610 ,0.334 ,-1.714 ,0.938 ,-0.477 ,0.714 
100646,-1.362 ,0.105 ,-0.708 ,0.856 ,-0.973 ,1.162 
100647,-1.048 ,0.136 ,-0.455 ,0.681 ,-1.121 ,1.668 
100648,-0.884 ,0.199 ,-0.546 ,0.368 ,-0.847 ,1.368 
100649,-0.828 ,0.079 ,-0.687 ,0.051 ,-0.961 ,1.438 
100650,-0.734 ,-0.136 ,-0.596 ,-1.588 ,-1.062 ,1.015 
100651,-0.604 ,0.003 ,0.032 ,-3.289 ,-0.848 ,0.263 
100652,-1.028 ,0.229 ,0.760 ,-3.919 ,-2.158 ,-0.150 
100653,-1.840 ,0.564 ,-1.158 ,2.464 ,0.062 ,-0.441 
100654,-1.741 ,0.606 ,-1.179 ,2.524 ,0.072 ,-0.386 
100655,-1.691 ,0.783 ,-1.533 ,2.069 ,-0.001 ,-0.148 
100656,-1.935 ,0.036 ,0.965 ,2.466 ,-0.064 ,-0.592 
100657,-2.712 ,0.702 ,0.863 ,1.697 ,-0.420 ,-0.484 
100658,-2.914 ,1.509 ,-0.593 ,0.988 ,-0.437 ,-0.793 
100659,-2.585 ,1.891 ,-1.519 ,0.621 ,-0.316 ,-0.663 
100660,-2.232 ,1.800 ,-1.930 ,0.580 ,-0.368 ,-0.320 
100661,-2.014 ,1.008 ,-2.928 ,1.124 ,-0.527 ,0.676 
100662,-2.051 ,0.427 ,-1.247 ,0.908 ,-0.705 ,0.285 
100663,-1.773 ,0.127 ,-1.915 ,0.976 ,-0.506 ,0.811 
100664,-1.717 ,0.274 ,-1.047 ,1.183 ,-0.789 ,1.053 
100665,-1.573 ,0.621 ,-0.760 ,0.984 ,-1.012 ,1.391 
100666,-1.233 ,0.079 ,-0.383 ,1.196 ,-0.859 ,1.586 
100667,-0.942 ,-0.085 ,-0.074 ,0.498 ,-0.927 ,1.501 
100668,-0.542 ,0.058 ,-0.408 ,-1.317 ,-0.724 ,1.335 
100669,-0.282 ,-0.095 ,0.122 ,-2.309 ,-0.048 ,0.756 
100670,-0.852 ,-0.102 ,1.088 ,-3.318 ,-1.028 ,-0.301 
100671,-1.176 ,-0.216 ,1.131 ,-3.501 ,-2.360 ,-0.292 
100672,-2.101 ,1.286 ,-1.687 ,2.065 ,-0.189 ,-0.019 
100673,-2.134 ,1.218 ,-1.838 ,2.070 ,-0.181 ,-0.006 
100674,-2.021 ,1.250 ,-2.392 ,1.689 ,-0.061 ,-0.055 
100675,-1.955 ,0.580 ,-0.897 ,2.112 ,-0.010 ,-0.300 
100676,-2.694 ,0.474 ,0.686 ,1.777 ,-0.498 ,-0.252 
100677,-2.989 ,1.082 ,0.346 ,1.249 ,-0.772 ,-0.106 
100678,-2.670 ,1.800 ,-1.491 ,0.976 ,-0.468 ,-0.174 
100679,-2.671 ,1.872 ,-1.121 ,0.538 ,-0.748 ,-0.215 
100680,-2.355 ,1.161 ,-1.383 ,0.902 ,-0.746 ,0.075 
100681,-2.115 ,0.508 ,-1.293 ,1.014 ,-0.705 ,0.416 
100682,-1.863 ,0.183 ,-1.753 ,1.018 ,-0.498 ,0.637 
100683,-1.524 ,0.517 ,-1.556 ,1.175 ,-0.410 ,0.958 
100684,-1.515 ,0.993 ,-1.541 ,1.596 ,-0.670 ,1.581 
100685,-1.499 ,0.111 ,-0.374 ,1.504 ,-0.842 ,1.528 
100686,-1.408 ,-0.134 ,-0.195 ,0.990 ,-0.800 ,1.131 
100687,-1.244 ,0.058 ,-0.657 ,0.376 ,-0.732 ,1.044 
100688,-0.294 ,-0.098 ,-0.355 ,-0.890 ,0.211 ,0.942 
100689,-0.798 ,-0.174 ,0.244 ,-1.809 ,-0.206 ,0.710 
100690,-1.229 ,-0.372 ,0.700 ,-2.937 ,-1.392 ,0.376 
100691,-2.228 ,1.387 ,-2.128 ,1.696 ,-0.376 ,0.372 
100692,-2.000 ,1.288 ,-2.519 ,1.514 ,-0.035 ,-0.047 
100693,-1.859 ,0.887 ,-1.839 ,1.973 ,0.139 ,0.113 
100694,-2.038 ,0.441 ,0.209 ,2.047 ,-0.154 ,-0.218 
100695,-2.517 ,0.688 ,0.673 ,1.612 ,-0.484 ,-0.030 
100696,-2.855 ,1.604 ,-0.418 ,1.118 ,-0.596 ,-0.255 
100697,-2.745 ,1.888 ,-1.141 ,0.637 ,-0.687 ,-0.299 
100698,-2.509 ,1.461 ,-0.851 ,0.787 ,-0.700 ,-0.212 
100699,-2.207 ,0.946 ,-0.994 ,1.018 ,-0.587 ,0.069 
100700,-1.880 ,0.541 ,-1.437 ,0.919 ,-0.439 ,0.296 
100701,-1.656 ,0.579 ,-1.151 ,1.206 ,-0.309 ,0.740 
100702,-1.598 ,0.579 ,-1.014 ,1.614 ,-0.460 ,1.251 
100703,-1.515 ,0.193 ,-0.486 ,1.270 ,-0.499 ,1.042 
100704,-1.722 ,-0.065 ,-0.605 ,1.163 ,-0.495 ,0.778 
100705,-1.774 ,-0.009 ,-0.749 ,1.164 ,-0.554 ,0.729 
100706,-1.267 ,-0.279 ,-0.332 ,0.906 ,-0.207 ,0.640 
100707,-0.877 ,-0.273 ,0.121 ,-0.248 ,-0.125 ,1.009 
100708,-1.135 ,-0.296 ,0.706 ,-1.568 ,-1.006 ,1.094 
100709,-2.267 ,1.506 ,-1.957 ,1.599 ,-0.287 ,0.102 
100710,-2.069 ,1.176 ,-2.051 ,1.579 ,-0.005 ,0.095 
100711,-2.003 ,1.112 ,-1.470 ,1.892 ,0.203 ,-0.046 
100712,-1.781 ,0.238 ,-0.309 ,2.386 ,0.043 ,0.160 
100713,-2.319 ,0.350 ,0.642 ,1.966 ,-0.301 ,0.024 
100714,-2.711 ,1.256 ,0.303 ,1.074 ,-0.399 ,-0.360 
100715,-2.644 ,1.600 ,-1.146 ,0.892 ,-0.524 ,-0.212 
100716,-2.472 ,1.535 ,-0.794 ,0.949 ,-0.571 ,0.026 
100717,-2.041 ,1.224 ,-0.911 ,1.169 ,-0.225 ,0.103 
100718,-1.974 ,0.788 ,-1.075 ,1.088 ,-0.269 ,0.269 
100719,-2.050 ,0.844 ,-0.117 ,1.183 ,-0.363 ,0.264 
100720,-1.923 ,0.617 ,0.380 ,1.286 ,-0.334 ,0.529 
100721,-1.747 ,-0.048 ,0.010 ,1.453 ,-0.226 ,0.685 
100722,-1.782 ,-0.139 ,-0.902 ,1.404 ,-0.080 ,0.768 
100723,-1.658 ,-0.281 ,-0.554 ,1.231 ,-0.040 ,0.481 
100724,-1.348 ,-0.833 ,0.056 ,1.305 ,0.105 ,0.557 
100725,-0.989 ,-0.697 ,0.302 ,0.821 ,0.116 ,0.842 
100726,-0.866 ,-0.431 ,0.375 ,-0.504 ,-0.594 ,1.298 
100727,-1.711 ,0.148 ,0.358 ,-2.247 ,-2.326 ,1.369 
100728,-2.224 ,1.480 ,-1.689 ,1.449 ,0.120 ,0.133 
100729,-2.255 ,1.122 ,-1.408 ,1.725 ,0.137 ,0.125 
100730,-2.102 ,0.930 ,-0.851 ,1.896 ,0.285 ,-0.089 
100731,-1.968 ,0.099 ,-0.183 ,2.273 ,0.083 ,0.243 
100732,-2.296 ,0.301 ,0.518 ,1.898 ,-0.194 ,-0.025 
100733,-2.467 ,0.934 ,0.094 ,1.236 ,-0.159 ,-0.154 
100734,-2.641 ,1.428 ,0.297 ,0.653 ,-0.274 ,-0.262 
100735,-2.460 ,1.431 ,-0.629 ,1.204 ,-0.292 ,0.080 
100736,-2.184 ,1.314 ,0.514 ,1.057 ,-0.070 ,-0.048 
100737,-1.901 ,0.922 ,-1.022 ,1.314 ,0.007 ,0.326 
100738,-1.963 ,1.242 ,-0.699 ,1.043 ,-0.090 ,0.520 
100739,-2.073 ,1.106 ,0.720 ,1.167 ,-0.036 ,0.444 
100740,-1.931 ,0.147 ,1.629 ,1.417 ,0.263 ,0.514 
100741,-2.120 ,0.094 ,0.711 ,1.037 ,0.315 ,0.044 
100742,-1.856 ,-0.403 ,0.091 ,1.153 ,0.366 ,0.180 
100743,-1.581 ,-0.666 ,0.654 ,1.164 ,0.550 ,0.278 
100744,-1.399 ,-1.139 ,1.030 ,0.938 ,0.222 ,0.566 
100745,-1.165 ,-0.675 ,0.282 ,0.044 ,-0.350 ,1.106 
100746,-1.881 ,-0.025 ,0.243 ,-1.272 ,-1.621 ,0.820 
100747,-2.828 ,0.149 ,0.635 ,-2.105 ,-3.240 ,0.533 
100748,-2.574 ,0.226 ,0.217 ,-3.009 ,-3.637 ,0.358 
100749,-2.610 ,-0.050 ,0.596 ,-3.366 ,-4.125 ,-0.048 
100750,-2.209 ,1.625 ,-1.162 ,1.295 ,0.358 ,0.256 
100751,-2.190 ,1.259 ,-0.213 ,1.733 ,0.271 ,0.221 
100752,-1.966 ,0.863 ,-0.109 ,2.109 ,0.387 ,0.281 
100753,-2.123 ,0.322 ,0.236 ,2.023 ,0.152 ,0.288 
100754,-2.523 ,0.585 ,0.222 ,1.843 ,-0.100 ,0.104 
100755,-2.548 ,1.007 ,0.961 ,1.171 ,0.107 ,-0.556 
100756,-2.414 ,1.548 ,0.554 ,0.850 ,0.250 ,-0.512 
100757,-2.330 ,1.895 ,0.557 ,0.710 ,0.219 ,-0.488 
100758,-2.146 ,1.788 ,0.005 ,0.865 ,0.152 ,-0.111 
100759,-2.071 ,1.584 ,-0.213 ,0.759 ,-0.010 ,0.178 
100760,-2.085 ,1.641 ,-0.898 ,0.839 ,0.100 ,0.668 
100761,-2.194 ,1.802 ,-0.307 ,0.879 ,0.243 ,0.523 
100762,-2.113 ,1.441 ,0.646 ,0.809 ,0.544 ,0.352 
100763,-2.547 ,0.047 ,2.071 ,0.670 ,0.355 ,0.056 
100764,-2.544 ,-0.112 ,1.458 ,0.488 ,0.449 ,-0.373 
100765,-2.172 ,0.064 ,0.798 ,0.551 ,0.718 ,-0.274 
100766,-1.890 ,-0.845 ,1.123 ,0.807 ,0.452 ,0.255 
100767,-1.636 ,-0.948 ,1.095 ,0.407 ,0.026 ,0.637 
100768,-1.832 ,-0.641 ,0.534 ,-0.421 ,-0.439 ,0.541 
100769,-2.568 ,-1.135 ,1.381 ,-1.090 ,-1.721 ,-0.097 
100770,-2.449 ,1.591 ,-0.640 ,1.495 ,0.239 ,0.486 
100771,-2.303 ,1.292 ,0.598 ,2.049 ,-0.002 ,0.346 
100772,-2.120 ,1.048 ,0.797 ,1.880 ,0.278 ,0.129 
100773,-2.131 ,0.529 ,0.958 ,1.480 ,0.323 ,0.044 
100774,-2.351 ,0.708 ,0.865 ,1.639 ,0.394 ,-0.334 
100775,-2.560 ,1.013 ,0.920 ,1.618 ,0.542 ,-0.781 
100776,-2.520 ,1.678 ,0.704 ,1.304 ,0.671 ,-1.046 
100777,-2.520 ,2.159 ,0.554 ,0.963 ,0.506 ,-0.771 
100778,-2.536 ,2.624 ,0.515 ,0.378 ,0.263 ,-0.511 
100779,-2.783 ,2.519 ,0.156 ,0.475 ,-0.003 ,-0.464 
100780,-2.907 ,2.356 ,0.598 ,0.374 ,-0.012 ,-0.425 
100781,-2.875 ,1.879 ,1.193 ,0.791 ,0.135 ,0.055 
100782,-2.639 ,2.193 ,0.021 ,0.568 ,0.201 ,0.217 
100783,-2.798 ,1.203 ,0.237 ,0.594 ,0.326 ,0.231 
100784,-2.934 ,0.497 ,0.949 ,0.190 ,0.376 ,-0.197 
100785,-2.440 ,0.117 ,1.242 ,-0.032 ,0.584 ,-0.256 
100786,-1.935 ,-0.437 ,0.499 ,0.560 ,0.410 ,0.567 
100787,-1.779 ,-0.520 ,0.291 ,0.550 ,0.283 ,0.792 
100788,-1.876 ,-0.679 ,1.108 ,-0.079 ,0.197 ,0.525 
100789,-2.393 ,-1.020 ,1.111 ,-0.566 ,-0.419 ,0.217 
100790,-2.742 ,-1.299 ,1.328 ,-1.243 ,-1.459 ,-0.105 
100791,-2.488 ,-1.388 ,1.098 ,-1.759 ,-2.317 ,-0.257 
100792,-2.727 ,-1.479 ,1.807 ,-2.428 ,-3.068 ,-0.905 
100793,-3.045 ,-1.290 ,1.605 ,-2.467 ,-3.420 ,-1.096 
100794,-3.122 ,-0.696 ,1.930 ,-2.702 ,-3.651 ,-0.962 
100795,-2.595 ,1.070 ,-0.154 ,1.365 ,-0.347 ,0.962 
100796,-2.569 ,0.814 ,0.677 ,1.870 ,-0.283 ,0.629 
100797,-2.494 ,0.780 ,0.948 ,1.849 ,0.071 ,0.072 
100798,-2.315 ,0.512 ,1.295 ,1.402 ,0.302 ,-0.183 
100799,-2.633 ,0.305 ,1.272 ,1.786 ,0.397 ,-0.514 
100800,-2.792 ,0.761 ,1.036 ,1.727 ,0.543 ,-0.744 
100801,-2.939 ,1.788 ,0.571 ,1.650 ,0.758 ,-1.152 
100802,-3.058 ,2.260 ,0.535 ,1.219 ,0.562 ,-0.961 
100803,-3.005 ,3.208 ,-0.214 ,0.737 ,0.306 ,-0.665 
100804,-3.214 ,3.133 ,-0.588 ,0.580 ,0.046 ,-0.426 
100805,-3.184 ,2.596 ,-0.680 ,0.354 ,-0.041 ,-0.443 
100806,-2.935 ,2.416 ,-0.803 ,0.347 ,-0.046 ,-0.051 
100807,-2.904 ,2.080 ,-0.486 ,0.546 ,-0.038 ,0.194 
100808,-3.117 ,1.105 ,0.541 ,0.829 ,0.134 ,0.146 
100809,-3.022 ,0.465 ,0.523 ,0.593 ,0.407 ,-0.068 
100810,-2.583 ,0.038 ,1.255 ,0.201 ,0.502 ,0.122 
100811,-2.200 ,-0.253 ,1.836 ,0.184 ,0.230 ,0.417 
100812,-2.079 ,0.022 ,0.367 ,0.171 ,0.146 ,0.665 
100813,-2.109 ,-0.050 ,0.036 ,-0.028 ,0.531 ,0.599 
100814,-2.555 ,-0.682 ,1.312 ,-0.403 ,0.278 ,0.010 
100815,-2.627 ,-1.228 ,1.302 ,-0.996 ,-0.141 ,0.109 
100816,-2.557 ,-1.195 ,-0.082 ,-1.365 ,-0.624 ,0.257 
100817,-2.844 ,-1.603 ,1.395 ,-1.747 ,-1.131 ,-0.279 
100818,-2.889 ,-1.713 ,1.446 ,-2.139 ,-1.644 ,-0.864 
100819,-3.014 ,-1.491 ,2.165 ,-2.778 ,-2.908 ,-1.343 
100820,-2.915 ,-1.237 ,1.012 ,-2.605 ,-3.254 ,-0.944 
100821,-2.649 ,-1.057 ,2.295 ,-3.605 ,-3.333 ,-0.698 
100822,-2.745 ,-0.320 ,2.350 ,-4.252 ,-4.199 ,-0.434 
100823,-2.674 ,0.987 ,-0.090 ,0.550 ,-1.256 ,1.577 
100824,-2.749 ,0.505 ,0.675 ,1.292 ,-0.964 ,1.279 
100825,-2.746 ,0.181 ,1.076 ,1.792 ,-0.463 ,0.746 
100826,-2.718 ,0.321 ,0.840 ,1.861 ,-0.143 ,0.228 
100827,-2.948 ,0.347 ,1.461 ,1.792 ,0.154 ,-0.718 
100828,-3.068 ,1.101 ,0.693 ,1.844 ,0.564 ,-1.114 
100829,-3.258 ,2.088 ,0.268 ,1.791 ,0.855 ,-1.266 
100830,-3.324 ,2.359 ,-0.330 ,1.441 ,0.731 ,-0.882 
100831,-3.229 ,3.181 ,-1.257 ,1.050 ,0.429 ,-0.734 
100832,-3.339 ,3.317 ,-1.368 ,0.528 ,0.148 ,-0.606 
100833,-3.199 ,2.841 ,-1.471 ,0.373 ,-0.037 ,-0.360 
100834,-3.113 ,2.292 ,-0.925 ,0.433 ,-0.347 ,0.154 
100835,-3.180 ,1.742 ,0.104 ,0.681 ,-0.464 ,0.221 
100836,-3.214 ,1.094 ,0.704 ,0.824 ,-0.005 ,-0.097 
100837,-3.182 ,0.495 ,1.090 ,0.882 ,0.396 ,-0.383 
100838,-3.171 ,0.277 ,1.784 ,1.054 ,0.289 ,-0.128 
100839,-3.062 ,-0.913 ,3.238 ,1.140 ,-0.237 ,0.116 
100840,-2.439 ,0.136 ,1.079 ,-0.221 ,-0.086 ,0.272 
100841,-2.318 ,0.393 ,-0.105 ,-0.382 ,0.644 ,0.391 
100842,-2.766 ,-0.580 ,0.863 ,-0.030 ,0.572 ,0.190 
100843,-2.915 ,-1.163 ,2.134 ,-0.962 ,0.175 ,-0.018 
100844,-2.681 ,-1.038 ,-0.046 ,-1.512 ,0.161 ,0.164 
100845,-2.955 ,-1.380 ,1.188 ,-1.574 ,-0.018 ,-0.210 
100846,-3.100 ,-1.559 ,1.486 ,-1.794 ,-0.098 ,-0.502 
100847,-2.836 ,-1.591 ,1.541 ,-2.395 ,-1.394 ,-0.983 
100848,-2.782 ,-1.679 ,1.184 ,-2.983 ,-2.386 ,-1.280 
100849,-2.449 ,-1.437 ,1.935 ,-3.609 ,-2.717 ,-0.912 
100850,-2.798 ,0.585 ,0.875 ,0.922 ,-1.181 ,1.434 
100851,-2.957 ,0.635 ,0.638 ,1.193 ,-0.677 ,0.781 
100852,-3.309 ,0.656 ,0.726 ,1.703 ,-0.157 ,-0.430 
100853,-3.538 ,1.375 ,0.372 ,1.740 ,0.339 ,-1.050 
100854,-3.444 ,2.284 ,-0.453 ,1.703 ,0.639 ,-0.900 
100855,-3.503 ,2.668 ,-0.669 ,1.391 ,0.664 ,-1.018 
100856,-3.411 ,3.361 ,-1.417 ,0.863 ,0.432 ,-0.805 
100857,-3.367 ,3.521 ,-1.368 ,0.377 ,0.058 ,-0.667 
100858,-3.317 ,2.987 ,-1.093 ,0.583 ,-0.287 ,-0.259 
100859,-3.310 ,2.167 ,-0.554 ,0.777 ,-0.729 ,0.088 
100860,-3.037 ,1.581 ,-0.399 ,0.556 ,-0.696 ,0.429 
100861,-3.168 ,1.226 ,0.252 ,0.681 ,-0.127 ,0.066 
100862,-3.316 ,0.916 ,0.626 ,1.165 ,0.355 ,-0.398 
100863,-3.642 ,1.340 ,0.832 ,1.369 ,0.406 ,-0.612 
100864,-3.683 ,0.698 ,1.541 ,0.980 ,-0.072 ,-0.280 
100865,-3.367 ,0.115 ,1.894 ,0.328 ,-0.274 ,0.032 
100866,-2.460 ,1.028 ,-0.676 ,-0.587 ,0.740 ,0.348 
100867,-2.979 ,0.090 ,0.715 ,-0.282 ,0.701 ,0.104 
100868,-3.052 ,-1.013 ,2.229 ,-0.689 ,0.493 ,0.102 
100869,-2.653 ,-1.168 ,0.459 ,-1.195 ,0.870 ,-0.125 
100870,-2.840 ,-0.837 ,0.728 ,-1.722 ,0.862 ,-0.358 
100871,-3.193 ,-1.016 ,1.326 ,-1.704 ,0.357 ,-0.228 
100872,-2.807 ,-1.397 ,0.697 ,-1.742 ,0.129 ,-0.041 
100873,-2.640 ,-1.418 ,0.449 ,-2.474 ,-1.160 ,-0.478 
100874,-2.733 ,-1.272 ,0.814 ,-2.977 ,-2.954 ,-0.701 
100875,-2.953 ,1.474 ,-0.349 ,-0.029 ,-1.388 ,1.353 
100876,-3.393 ,1.242 ,-0.445 ,0.591 ,-0.908 ,0.472 
100877,-3.596 ,1.279 ,-0.008 ,0.903 ,-0.218 ,-0.170 
100878,-3.554 ,2.360 ,-0.822 ,0.863 ,0.084 ,-0.318 
100879,-3.547 ,3.219 ,-1.342 ,0.916 ,0.278 ,-0.685 
100880,-3.714 ,3.421 ,-1.342 ,0.890 ,0.025 ,-0.663 
100881,-3.245 ,3.769 ,-1.781 ,0.046 ,-0.369 ,-0.116 
100882,-3.077 ,3.127 ,-1.355 ,0.343 ,-0.778 ,0.424 
100883,-3.385 ,1.803 ,-0.516 ,0.907 ,-1.110 ,0.509 
100884,-3.401 ,1.166 ,0.092 ,0.713 ,-1.013 ,0.394 
100885,-3.294 ,0.995 ,0.401 ,0.632 ,-0.348 ,0.098 
100886,-3.385 ,1.164 ,0.197 ,1.081 ,0.251 ,-0.431 
100887,-3.639 ,1.601 ,0.322 ,1.070 ,0.313 ,-0.512 
100888,-3.812 ,1.685 ,0.420 ,0.576 ,0.016 ,-0.251 
100889,-3.528 ,1.396 ,0.255 ,-0.006 ,0.067 ,0.115 
100890,-2.658 ,1.700 ,-0.831 ,-0.680 ,0.720 ,0.564 
100891,-3.203 ,0.863 ,0.519 ,-0.217 ,0.626 ,0.193 
100892,-3.190 ,-0.658 ,2.048 ,-0.427 ,0.704 ,0.177 
100893,-2.810 ,-1.054 ,1.256 ,-0.947 ,1.176 ,-0.183 
100894,-2.947 ,-0.516 ,0.965 ,-1.774 ,1.424 ,-0.444 
100895,-3.311 ,-0.485 ,1.215 ,-1.885 ,0.993 ,-0.375 
100896,-2.807 ,-1.226 ,0.719 ,-1.850 ,0.623 ,-0.002 
100897,-2.842 ,-1.368 ,0.115 ,-2.346 ,-0.257 ,-0.066 
100898,-3.042 ,-1.202 ,-0.133 ,-2.673 ,-2.775 ,-0.745 
100899,-3.127 ,1.190 ,-1.026 ,-0.541 ,-1.561 ,1.238 
100900,-3.533 ,1.131 ,-0.612 ,0.470 ,-1.156 ,0.604 
100901,-3.506 ,2.406 ,-1.131 ,0.210 ,-0.609 ,0.432 
100902,-3.233 ,3.620 ,-2.225 ,-0.167 ,-0.261 ,0.305 
100903,-3.670 ,3.479 ,-1.705 ,0.498 ,-0.727 ,-0.119 
100904,-2.936 ,3.366 ,-2.162 ,-0.525 ,-0.930 ,0.778 
100905,-2.687 ,2.761 ,-1.563 ,-0.175 ,-1.215 ,1.251 
100906,-3.350 ,1.468 ,-0.068 ,0.789 ,-1.387 ,0.745 
100907,-3.545 ,0.846 ,0.613 ,1.002 ,-1.312 ,0.393 
100908,-3.298 ,0.682 ,0.570 ,0.769 ,-0.593 ,0.363 
100909,-3.342 ,0.696 ,0.652 ,0.903 ,-0.028 ,-0.016 
100910,-3.449 ,1.020 ,0.613 ,0.908 ,0.115 ,-0.034 
100911,-3.258 ,1.118 ,-0.254 ,0.660 ,0.094 ,0.556 
100912,-3.164 ,1.071 ,-0.373 ,0.196 ,0.225 ,0.741 
100913,-2.433 ,1.663 ,-1.236 ,-0.714 ,0.720 ,1.029 
100914,-3.158 ,1.070 ,0.481 ,-0.064 ,0.556 ,0.501 
100915,-3.137 ,-1.054 ,2.496 ,0.179 ,0.768 ,0.074 
100916,-2.788 ,-1.584 ,2.162 ,-0.543 ,1.195 ,-0.111 
100917,-2.928 ,-0.501 ,0.962 ,-1.589 ,1.741 ,-0.439 
100918,-3.291 ,-0.767 ,1.406 ,-1.560 ,1.215 ,-0.358 
100919,-2.904 ,-0.788 ,0.597 ,-2.332 ,1.008 ,-0.155 
100920,-3.062 ,-0.997 ,-0.097 ,-2.420 ,0.213 ,-0.055 
100921,-3.321 ,-0.905 ,0.191 ,-2.752 ,-1.934 ,-0.692 
100922,-2.906 ,1.095 ,-1.487 ,-1.352 ,-2.092 ,1.853 
100923,-3.154 ,1.700 ,-1.519 ,-0.933 ,-1.640 ,1.417 
100924,-3.081 ,3.008 ,-2.127 ,-0.970 ,-1.081 ,1.241 
100925,-3.005 ,3.197 ,-2.608 ,-1.208 ,-0.987 ,1.087 
100926,-3.081 ,2.903 ,-2.458 ,-0.806 ,-1.195 ,1.091 
100927,-2.890 ,2.658 ,-2.049 ,-0.844 ,-1.408 ,1.359 
100928,-2.639 ,1.969 ,-1.428 ,-0.587 ,-1.592 ,1.712 
100929,-2.691 ,1.305 ,-0.751 ,0.251 ,-1.598 ,1.531 
100930,-2.735 ,0.958 ,-0.334 ,0.398 ,-1.377 ,1.262 
100931,-2.798 ,0.524 ,-0.146 ,0.627 ,-0.980 ,1.264 
100932,-2.758 ,0.374 ,0.170 ,0.487 ,-0.386 ,0.971 
100933,-2.856 ,0.434 ,0.174 ,0.524 ,0.075 ,0.835 
100934,-2.729 ,0.175 ,0.542 ,0.035 ,0.331 ,0.878 
100935,-2.810 ,0.339 ,0.198 ,-0.163 ,0.411 ,0.884 
100936,-2.640 ,1.036 ,-0.341 ,-0.896 ,0.690 ,0.789 
100937,-3.099 ,1.621 ,-0.948 ,-0.172 ,0.743 ,0.686 
100938,-3.004 ,-1.303 ,2.923 ,0.220 ,0.698 ,0.304 
100939,-2.827 ,-1.574 ,2.488 ,-0.489 ,1.080 ,-0.131 
100940,-3.120 ,-0.368 ,0.933 ,-1.217 ,1.396 ,-0.341 
100941,-3.230 ,-0.786 ,1.433 ,-1.522 ,0.904 ,-0.324 
100942,-3.212 ,-0.199 ,0.340 ,-2.436 ,1.047 ,-0.384 
100943,-3.173 ,-0.019 ,-0.180 ,-2.639 ,0.939 ,-0.230 
100944,-3.482 ,-0.522 ,-0.079 ,-2.396 ,-0.892 ,-0.475 
100945,-3.128 ,1.698 ,-1.822 ,-1.905 ,-2.370 ,1.677 
100946,-3.090 ,2.173 ,-2.072 ,-1.963 ,-1.871 ,1.357 
100947,-3.123 ,3.168 ,-2.538 ,-1.993 ,-1.574 ,1.178 
100948,-3.074 ,3.054 ,-2.763 ,-1.896 ,-1.562 ,1.107 
100949,-2.897 ,2.155 ,-1.496 ,-1.462 ,-1.951 ,1.267 
100950,-2.757 ,0.935 ,-0.639 ,-1.145 ,-2.100 ,1.657 
100951,-2.528 ,0.125 ,-0.078 ,-0.755 ,-2.008 ,1.765 
100952,-2.459 ,-0.323 ,0.963 ,-0.408 ,-1.782 ,1.583 
100953,-2.407 ,-0.573 ,0.986 ,-0.030 ,-1.123 ,1.483 
100954,-2.661 ,-1.281 ,1.594 ,0.261 ,-0.606 ,1.061 
100955,-2.673 ,-1.609 ,2.912 ,-0.213 ,0.248 ,0.515 
100956,-2.885 ,-1.752 ,3.481 ,-0.399 ,0.492 ,0.244 
100957,-3.015 ,-0.309 ,2.178 ,-0.708 ,0.595 ,-0.042 
100958,-2.964 ,0.747 ,0.719 ,-1.061 ,0.600 ,0.170 
100959,-3.215 ,1.573 ,-1.534 ,-0.379 ,0.700 ,0.586 
100960,-3.150 ,-0.189 ,1.811 ,0.163 ,0.784 ,0.078 
100961,-2.810 ,-1.137 ,2.629 ,-0.589 ,1.166 ,-0.061 
100962,-3.266 ,0.121 ,0.772 ,-1.193 ,1.202 ,-0.326 
100963,-3.214 ,0.038 ,1.227 ,-1.536 ,0.919 ,-0.404 
100964,-3.270 ,0.340 ,-0.151 ,-2.445 ,1.322 ,-0.534 
100965,-3.305 ,-0.106 ,0.204 ,-2.268 ,1.174 ,-0.416 
100966,-3.310 ,-0.821 ,0.379 ,-2.327 ,-0.041 ,-0.659 
100967,-3.427 ,-0.996 ,1.129 ,-2.277 ,-1.457 ,-0.824 
100968,-2.865 ,-0.851 ,0.839 ,-1.134 ,-3.005 ,1.267 
100969,-2.943 ,-2.087 ,2.342 ,-0.247 ,-2.603 ,0.952 
100970,-2.800 ,-2.350 ,3.365 ,0.374 ,-1.081 ,1.148 
100971,-2.577 ,-2.516 ,2.856 ,-0.088 ,-0.325 ,0.786 
100972,-2.651 ,-2.461 ,4.037 ,-0.213 ,0.472 ,0.403 
100973,-2.930 ,-2.078 ,3.827 ,-0.349 ,0.657 ,0.160 
100974,-3.187 ,-0.492 ,2.755 ,-0.850 ,0.806 ,-0.331 
100975,-3.141 ,0.820 ,1.009 ,-1.019 ,0.564 ,-0.222 
100976,-3.258 ,1.616 ,-0.651 ,-0.667 ,0.473 ,0.271 
100977,-3.415 ,2.003 ,-0.314 ,-0.692 ,0.842 ,-0.033 
100978,-2.947 ,-0.560 ,2.721 ,-0.459 ,1.188 ,-0.180 
100979,-3.304 ,0.546 ,0.614 ,-1.209 ,1.245 ,-0.315 
100980,-3.252 ,0.708 ,1.122 ,-1.550 ,1.329 ,-0.541 
100981,-3.344 ,0.372 ,0.230 ,-1.669 ,1.418 ,-0.687 
100982,-3.238 ,-0.550 ,0.474 ,-1.642 ,1.210 ,-0.438 
100983,-3.351 ,-1.623 ,1.411 ,-1.817 ,0.399 ,-0.987 
100984,-3.596 ,-1.476 ,0.948 ,-1.814 ,-1.115 ,-0.826 
100985,-3.211 ,-1.399 ,1.391 ,-0.085 ,-2.403 ,1.262 
100986,-3.138 ,-1.157 ,1.635 ,0.083 ,-1.044 ,1.255 
100987,-2.781 ,-1.012 ,2.235 ,-0.387 ,0.117 ,0.626 
100988,-2.681 ,-1.452 ,3.528 ,-0.437 ,0.945 ,0.261 
100989,-2.921 ,-0.928 ,3.304 ,-0.735 ,0.943 ,0.013 
100990,-3.237 ,0.513 ,2.100 ,-1.178 ,0.957 ,-0.435 
100991,-3.191 ,1.146 ,1.128 ,-1.015 ,0.689 ,-0.266 
100992,-3.243 ,1.780 ,-0.809 ,-0.441 ,0.318 ,0.373 
100993,-3.037 ,1.507 ,0.133 ,-0.262 ,0.703 ,0.356 
100994,-2.858 ,-0.010 ,2.323 ,-0.463 ,1.227 ,-0.259 
100995,-3.280 ,0.959 ,0.635 ,-1.298 ,1.433 ,-0.441 
100996,-3.198 ,0.989 ,1.251 ,-1.347 ,1.373 ,-0.452 
100997,-3.088 ,-0.132 ,1.104 ,-1.177 ,1.432 ,-0.556 
100998,-2.800 ,-1.782 ,1.437 ,-0.943 ,1.412 ,-0.471 
100999,-3.123 ,-1.926 ,1.402 ,-1.472 ,1.128 ,-0.760 
101000,-3.931 ,-1.536 ,1.068 ,-1.745 ,-0.639 ,-0.956 
101001,-3.728 ,-1.491 ,0.818 ,-1.857 ,-2.208 ,-0.490 
101002,-3.511 ,-0.963 ,1.358 ,-2.021 ,-3.277 ,-0.187 
101003,-3.236 ,-0.240 ,-1.352 ,0.397 ,-2.131 ,1.772 
101004,-3.105 ,0.494 ,-0.072 ,-0.831 ,-0.808 ,1.197 
101005,-2.997 ,0.352 ,1.578 ,-0.754 ,0.385 ,0.484 
101006,-2.841 ,-0.053 ,2.768 ,-0.581 ,1.167 ,0.109 
101007,-3.001 ,0.146 ,2.607 ,-0.887 ,1.244 ,-0.256 
101008,-3.068 ,0.718 ,2.617 ,-1.103 ,1.125 ,-0.234 
101009,-3.030 ,0.897 ,2.720 ,-0.601 ,0.761 ,-0.004 
101010,-3.163 ,2.278 ,-1.054 ,-0.591 ,0.222 ,0.525 
101011,-2.797 ,1.519 ,0.365 ,0.078 ,0.545 ,0.860 
101012,-2.766 ,0.448 ,2.386 ,-0.251 ,1.080 ,0.073 
101013,-3.025 ,0.919 ,1.613 ,-0.812 ,1.351 ,-0.134 
101014,-3.072 ,1.714 ,0.693 ,-1.337 ,1.438 ,-0.133 
101015,-2.637 ,-0.802 ,3.423 ,-0.258 ,1.143 ,-0.020 
101016,-2.650 ,-1.775 ,2.819 ,-0.265 ,1.135 ,-0.225 
101017,-3.098 ,-1.449 ,1.023 ,-1.230 ,1.500 ,-0.497 
101018,-3.686 ,-1.174 ,1.037 ,-1.885 ,0.616 ,-0.533 
101019,-4.295 ,-1.300 ,0.926 ,-1.805 ,-1.295 ,-0.379 
101020,-4.237 ,-0.996 ,1.074 ,-1.990 ,-2.036 ,-0.230 
101021,-3.977 ,-0.826 ,1.599 ,-2.155 ,-2.689 ,-0.160 
101022,-3.583 ,-0.976 ,1.956 ,-1.924 ,-3.351 ,-0.109 
101023,-3.415 ,0.712 ,-1.312 ,-0.410 ,-1.921 ,1.703 
101024,-3.571 ,1.426 ,-1.657 ,-0.002 ,-1.136 ,1.413 
101025,-3.223 ,1.554 ,-0.245 ,-0.663 ,0.068 ,0.856 
101026,-2.966 ,1.090 ,1.688 ,-0.893 ,1.104 ,0.180 
101027,-2.933 ,0.875 ,2.159 ,-1.068 ,1.314 ,-0.053 
101028,-2.944 ,1.328 ,2.157 ,-1.226 ,1.227 ,-0.051 
101029,-3.009 ,1.781 ,1.878 ,-0.890 ,0.719 ,0.012 
101030,-3.185 ,3.215 ,-0.846 ,-1.231 ,-0.144 ,0.510 
101031,-2.787 ,2.707 ,-0.081 ,-0.276 ,0.405 ,1.227 
101032,-2.577 ,1.230 ,2.473 ,-0.181 ,0.836 ,0.620 
101033,-2.775 ,1.134 ,1.947 ,-0.516 ,1.199 ,0.442 
101034,-2.895 ,2.026 ,0.647 ,-1.224 ,1.654 ,0.148 
101035,-2.848 ,1.197 ,1.757 ,-1.028 ,1.741 ,-0.023 
101036,-2.816 ,-1.298 ,3.957 ,0.199 ,1.077 ,0.167 
101037,-3.318 ,-0.200 ,1.563 ,-0.957 ,1.332 ,-0.359 
101038,-3.690 ,-0.469 ,1.041 ,-1.272 ,1.104 ,-0.187 
101039,-3.906 ,-0.586 ,0.565 ,-1.369 ,0.647 ,0.149 
101040,-4.123 ,-0.224 ,0.039 ,-1.482 ,0.123 ,0.342 
101041,-4.509 ,-0.482 ,0.953 ,-1.798 ,-1.057 ,-0.328 
101042,-4.039 ,-1.282 ,1.776 ,-1.544 ,-2.106 ,-0.478 
101043,-3.361 ,-1.563 ,2.028 ,-1.934 ,-2.549 ,-0.529 
101044,-3.193 ,-1.898 ,2.679 ,-1.660 ,-2.831 ,-0.773 
101045,-3.820 ,1.875 ,-2.067 ,-0.280 ,-1.390 ,1.714 
101046,-3.577 ,1.932 ,-1.747 ,-0.181 ,-0.504 ,1.531 
101047,-3.246 ,1.758 ,0.289 ,-0.839 ,0.459 ,0.861 
101048,-2.994 ,1.030 ,1.936 ,-0.843 ,1.016 ,0.461 
101049,-2.889 ,1.216 ,2.658 ,-0.952 ,1.122 ,0.303 
101050,-3.106 ,2.478 ,1.391 ,-1.438 ,0.614 ,0.313 
101051,-3.387 ,4.293 ,-1.679 ,-1.863 ,-0.364 ,1.029 
101052,-2.954 ,3.502 ,-0.468 ,-1.034 ,0.236 ,1.612 
101053,-2.555 ,1.356 ,2.505 ,-0.102 ,0.702 ,1.178 
101054,-2.694 ,0.846 ,2.459 ,-0.021 ,1.063 ,0.855 
101055,-2.781 ,1.186 ,1.976 ,-0.377 ,1.632 ,0.385 
101056,-2.980 ,1.716 ,1.814 ,-0.794 ,1.851 ,-0.085 
101057,-3.432 ,1.458 ,1.820 ,-0.966 ,1.628 ,-0.169 
101058,-3.784 ,0.855 ,1.972 ,-0.745 ,1.413 ,-0.199 
101059,-3.767 ,0.490 ,0.987 ,-1.191 ,1.382 ,-0.137 
101060,-3.888 ,-0.460 ,0.966 ,-0.975 ,1.209 ,-0.084 
101061,-4.059 ,0.164 ,0.134 ,-1.175 ,1.005 ,0.036 
101062,-4.245 ,0.134 ,-0.205 ,-1.433 ,0.434 ,-0.071 
101063,-4.637 ,-0.953 ,1.254 ,-1.475 ,-1.029 ,-0.671 
101064,-4.171 ,-1.489 ,1.356 ,-1.945 ,-1.606 ,-0.733 
101065,-3.763 ,-2.153 ,1.789 ,-2.093 ,-2.031 ,-0.809 
101066,-3.667 ,-2.334 ,2.280 ,-1.955 ,-2.358 ,-0.979 
101067,-3.709 ,-2.131 ,2.160 ,-1.916 ,-2.647 ,-1.050 
101068,-3.583 ,1.431 ,-1.288 ,-0.856 ,-0.646 ,1.648 
101069,-3.276 ,1.617 ,-0.547 ,-1.601 ,-0.193 ,1.553 
101070,-3.213 ,1.353 ,-0.061 ,-0.960 ,0.037 ,1.539 
101071,-2.994 ,0.822 ,1.619 ,-0.442 ,0.412 ,1.307 
101072,-3.235 ,2.153 ,1.301 ,-1.019 ,0.251 ,1.055 
101073,-3.469 ,5.223 ,-1.783 ,-1.508 ,0.008 ,1.466 
101074,-3.179 ,3.607 ,-0.677 ,-0.661 ,-0.060 ,1.955 
101075,-2.547 ,0.907 ,2.532 ,-0.034 ,0.539 ,1.447 
101076,-2.655 ,0.318 ,2.597 ,0.227 ,0.754 ,1.103 
101077,-2.773 ,0.532 ,2.894 ,0.139 ,1.060 ,0.853 
101078,-2.962 ,1.162 ,2.934 ,-0.152 ,1.335 ,0.500 
101079,-3.651 ,1.267 ,2.678 ,-0.015 ,1.275 ,0.248 
101080,-4.139 ,1.943 ,1.736 ,-0.918 ,1.544 ,-0.147 
101081,-4.110 ,0.298 ,2.264 ,-0.624 ,1.305 ,-0.102 
101082,-3.959 ,0.035 ,1.187 ,-0.912 ,1.400 ,-0.158 
101083,-3.976 ,0.330 ,0.232 ,-0.840 ,1.379 ,0.058 
101084,-4.256 ,0.341 ,-0.064 ,-1.039 ,1.043 ,-0.180 
101085,-4.443 ,-0.128 ,-0.042 ,-1.237 ,0.465 ,-0.092 
101086,-4.323 ,-0.365 ,-0.165 ,-2.020 ,0.142 ,0.162 
101087,-4.522 ,-1.605 ,1.253 ,-2.207 ,-1.154 ,-0.881 
101088,-4.180 ,-2.520 ,1.943 ,-2.230 ,-1.941 ,-1.229 
101089,-4.046 ,-2.472 ,1.827 ,-2.277 ,-2.034 ,-1.290 
101090,-4.170 ,-2.043 ,1.820 ,-2.480 ,-2.524 ,-1.065 
101091,-3.771 ,0.981 ,3.040 ,0.420 ,0.884 ,0.707 
101092,-3.983 ,0.484 ,3.128 ,0.176 ,1.083 ,0.430 
101093,-4.164 ,0.358 ,2.424 ,-0.412 ,1.204 ,0.155 
101094,-4.348 ,0.528 ,1.816 ,-0.835 ,1.095 ,-0.213 
101095,-4.156 ,0.522 ,1.186 ,-0.871 ,1.346 ,-0.046 
101096,-4.313 ,0.211 ,0.674 ,-0.924 ,1.093 ,-0.121 
101097,-4.485 ,-0.156 ,0.103 ,-0.947 ,0.721 ,-0.026 
101098,-4.297 ,0.072 ,-0.034 ,-1.759 ,0.731 ,0.049 
101099,-4.420 ,-0.714 ,0.475 ,-1.789 ,0.494 ,-0.142 
101100,-4.738 ,-1.866 ,1.486 ,-2.093 ,-0.949 ,-1.076 
101101,-4.489 ,-2.244 ,1.358 ,-2.389 ,-1.645 ,-1.548 
101102,-4.124 ,-1.915 ,1.225 ,-2.307 ,-1.428 ,-0.923 
101103,-4.174 ,0.417 ,2.867 ,-0.157 ,0.899 ,0.301 
101104,-4.618 ,1.338 ,1.221 ,-0.830 ,1.061 ,-0.176 
101105,-4.556 ,1.147 ,1.283 ,-0.711 ,1.297 ,-0.250 
101106,-4.482 ,0.626 ,1.259 ,-0.891 ,1.177 ,-0.254 
101107,-4.395 ,0.254 ,0.747 ,-1.133 ,0.967 ,-0.135 
101108,-4.343 ,0.242 ,0.477 ,-1.287 ,0.895 ,-0.068 
101109,-4.350 ,-0.361 ,0.478 ,-1.641 ,0.865 ,0.091 
101110,-4.570 ,-0.979 ,0.716 ,-1.745 ,0.672 ,-0.229 
101111,-4.700 ,-1.444 ,0.775 ,-1.960 ,0.113 ,-0.827 
101112,-4.211 ,1.084 ,2.653 ,-0.051 ,0.696 ,0.470 
101113,-4.594 ,1.835 ,1.471 ,-0.467 ,0.999 ,-0.041 
101114,-4.678 ,1.725 ,1.423 ,-0.357 ,1.120 ,-0.240 
101115,-4.755 ,1.189 ,1.769 ,-0.313 ,1.016 ,-0.125 
101116,-4.528 ,0.856 ,1.801 ,-0.693 ,1.072 ,-0.115 
101117,-4.251 ,0.686 ,0.928 ,-1.349 ,1.153 ,0.055 
101118,-4.235 ,0.182 ,0.616 ,-1.529 ,1.213 ,-0.012 
101119,-4.374 ,-0.453 ,0.471 ,-1.519 ,1.145 ,-0.039 
101120,-4.364 ,-0.823 ,0.531 ,-1.664 ,1.047 ,-0.134 
101121,-4.504 ,1.966 ,2.353 ,0.221 ,0.910 ,0.297 
101122,-4.610 ,2.087 ,1.634 ,0.015 ,1.097 ,-0.075 
101123,-4.686 ,1.882 ,1.405 ,-0.165 ,1.229 ,-0.003 
101124,-4.536 ,1.777 ,1.591 ,-0.685 ,1.372 ,-0.153 
101125,-4.320 ,1.097 ,1.508 ,-1.002 ,1.330 ,-0.128 
101126,-4.277 ,0.688 ,0.576 ,-1.257 ,1.425 ,0.070 
101127,-4.261 ,0.195 ,0.566 ,-1.460 ,1.423 ,-0.105 
101128,-4.520 ,1.790 ,2.900 ,0.782 ,0.881 ,0.681 
101129,-4.637 ,1.601 ,2.405 ,0.553 ,1.087 ,0.337 
101130,-4.824 ,2.161 ,1.336 ,0.080 ,1.434 ,-0.212 
101131,-4.892 ,2.014 ,1.530 ,-0.237 ,1.592 ,-0.338 
101132,-4.751 ,1.656 ,1.284 ,-0.757 ,1.476 ,-0.114 
101133,-4.872 ,1.295 ,0.839 ,-0.870 ,1.435 ,-0.121 
101134,-4.764 ,0.739 ,0.629 ,-1.059 ,1.182 ,0.100 
101135,-4.487 ,1.131 ,2.801 ,0.655 ,1.038 ,0.566 
101136,-4.819 ,2.056 ,1.907 ,-0.038 ,1.351 ,-0.022 
101137,-5.126 ,2.220 ,1.346 ,-0.115 ,1.558 ,-0.337 
101138,-5.225 ,2.109 ,0.948 ,-0.425 ,1.595 ,-0.377 
101139,-5.225 ,1.917 ,0.786 ,-0.724 ,1.625 ,-0.207 
101140,-5.129 ,1.656 ,0.923 ,-0.819 ,1.082 ,-0.009 
101141,-4.411 ,0.938 ,2.851 ,0.430 ,0.999 ,0.663 
101142,-4.880 ,1.865 ,2.104 ,0.050 ,1.290 ,0.046 
101143,-5.258 ,1.941 ,1.766 ,0.116 ,1.363 ,-0.141 
101144,-5.463 ,2.071 ,1.323 ,-0.195 ,1.533 ,-0.512 
101145,-5.371 ,2.254 ,0.472 ,-0.745 ,1.724 ,-0.259 
101146,-5.314 ,2.501 ,0.384 ,-0.688 ,0.922 ,0.150 
101147,-4.743 ,1.620 ,2.627 ,0.120 ,0.747 ,0.770 
101148,-5.015 ,2.053 ,2.136 ,-0.093 ,0.962 ,0.305 
101149,-5.315 ,1.834 ,1.827 ,0.059 ,1.078 ,0.145 
101150,-5.537 ,1.879 ,1.491 ,-0.113 ,1.237 ,-0.261 
101151,-5.523 ,1.980 ,0.898 ,-0.439 ,1.258 ,-0.293 
101152,-5.421 ,1.924 ,0.045 ,-0.152 ,0.731 ,0.406 
101153,-5.234 ,1.742 ,2.428 ,-0.055 ,0.555 ,0.568 
101154,-5.404 ,1.592 ,1.966 ,-0.174 ,0.749 ,0.340 
101155,-5.627 ,1.407 ,1.751 ,-0.051 ,0.967 ,-0.048 
101156,-5.536 ,1.078 ,1.289 ,-0.292 ,0.823 ,-0.052 
101157,-5.496 ,0.964 ,1.231 ,-0.023 ,0.595 ,0.360 
101158,-5.525 ,1.137 ,2.183 ,-0.058 ,0.311 ,0.631 
