"","Andrena_carlini","Andrena_miserabilis","Osmia_atriventris","Osmia_bucephala","Osmia_lignaria","Osmia_pumila","Andrena_violae","latitude"
"100001",0,0,0,0,0,0,0,25.316
"100002",0,0,0,0,0,0,0,25.329
"100003",0,0,0,0,0,0,0,25.637
"100004",0,0,0,0,0,0,0,25.637
"100005",0,0,0,0,0,0,0,25.669
"100006",0,0,0,0,0,0,0,25.963
"100007",0,0,0,0,0,0,0,25.961
"100008",0,0,0,0,0,0,0,25.961
"100009",0,0,0,0,0,0,0,25.962
"100010",0,0,0,0,0,0,0,26.291
"100011",0,0,0,0,0,0,0,26.283
"100012",0,0,0,0,0,0,0,26.283
"100013",0,0,0,0,0,0,0,26.283
"100014",0,0,0,0,0,0,0,26.284
"100015",0,0,0,0,0,0,0,26.611
"100016",0,0,0,0,0,0,0,26.605
"100017",0,0,0,0,0,0,0,26.605
"100018",0,0,0,0,0,0,0,26.605
"100019",0,0,0,0,0,0,0,26.605
"100020",0,0,0,0,0,0,0,26.605
"100021",0,0,0,0,0,0,0,26.938
"100022",0,0,0,0,0,0,0,26.926
"100023",0,0,0,0,0,0,0,26.926
"100024",0,0,0,0,0,0,0,26.926
"100025",0,0,0,0,0,0,0,26.926
"100026",0,0,0,0,0,0,0,26.924
"100027",0,0,0,0,0,0,0,27.262
"100028",0,0,0,0,0,0,0,27.246
"100029",0,0,0,0,0,0,0,27.246
"100030",0,0,0,0,0,0,0,27.246
"100031",0,0,0,0,0,0,0,27.246
"100032",0,0,0,0,0,0,0,27.246
"100033",0,0,0,0,0,0,0,27.231
"100034",0,0,0,0,0,0,0,27.556
"100035",0,0,0,0,0,0,0,27.565
"100036",0,0,0,0,0,0,0,27.565
"100037",0,0,0,0,0,0,0,27.565
"100038",0,0,0,0,0,0,0,27.565
"100039",0,0,0,0,0,0,0,27.565
"100040",0,0,0,0,0,0,0,27.903
"100041",0,0,0,0,0,0,0,27.883
"100042",0,0,0,0,0,0,0,27.883
"100043",0,0,0,0,0,0,0,27.883
"100044",0,0,0,0,0,0,0,27.883
"100045",0,0,0,0,0,0,0,27.875
"100046",0,0,0,0,0,0,0,28.2
"100047",0,0,0,0,0,0,0,28.2
"100048",0,0,0,0,0,0,0,28.2
"100049",0,0,0,0,0,0,0,28.2
"100050",0,0,0,0,0,0,0,28.2
"100051",0,0,0,0,0,0,0,28.193
"100052",0,0,0,0,0,0,0,28.516
"100053",0,0,0,0,0,0.00254978293590663,0,28.516
"100054",0,0,0,0,0,0,0,28.516
"100055",0,0,0,0,0,0,0,28.516
"100056",0,0,0,0,0,0,0,28.516
"100057",0,0,0,0,0,0,0,28.511
"100058",0,0,0,0,0,0,0,28.831
"100059",0,0,0,0,0,0,0,28.831
"100060",0,0,0,0,0,0,0,28.831
"100061",0,0,0,0,0,0,0,28.831
"100062",0,0,0,0,0,0,0,28.829
"100063",0,0,0,0,0,0,0,29.174
"100064",0,0,0,0,0,0,0,29.146
"100065",0,0,0,0,0,0,0,29.146
"100066",0,0,0,0,0,0,0,29.146
"100067",0,0,0,0,0,0,0,29.146
"100068",0,0,0,0,0,0,0,29.123
"100069",0,0,0,0,0,0,0,29.476
"100070",0,0,0,0,0,0,0,29.459
"100071",0,0,0,0,0,0,0,29.459
"100072",0,0,0,0,0,0,0,29.459
"100073",0,0,0,0,0,0,0,29.459
"100074",0,0,0,0,0,0,0,29.458
"100075",0,0,0,0,0,0,0,29.824
"100076",0,0,0,0,0,0,0,29.805
"100077",0,0,0,0,0,0,0,29.771
"100078",0,0,0,0,0,0,0,29.771
"100079",0,0,0,0,0,0,0,29.771
"100080",0,0,0,0,0,0,0,29.771
"100081",0,0,0,0,0,0,0,29.771
"100082",0,0,0,0,0,0,0,29.763
"100083",0,0,0,0,0,0,0,30.145
"100084",0,0,0,0,0,0,0,30.085
"100085",0,0,0,0,0,0,0,30.083
"100086",0,0,0,0,0,0,0,30.084
"100087",0,0,0,0,0,0,0,30.142
"100088",0,0,0,0,0,0,0,30.118
"100089",0,0,0,0,0,0,0,30.083
"100090",0,0,0,0,0,0,0,30.083
"100091",0,0,0,0,0,0,0,30.083
"100092",0,0,0,0,0,0,0,30.083
"100093",0,0,0,0,0,0,0,30.083
"100094",0,0,0,0,0,0,0,30.083
"100095",0,0,0,0,0,0,0,30.072
"100096",0,0,0,0,0,0,0,30.444
"100097",0,0,0,0,0,0,0,30.469
"100098",0,0,0,0,0,0,0,30.459
"100099",0,0,0,0,0,0,0,30.411
"100100",0,0,0,0,0,0,0,30.393
"100101",0,0,0,0,0,0,0,30.393
"100102",0,0,0,0,0,0,0,30.393
"100103",0,0,0,0,0,0,0,30.393
"100104",0,0,0,0,0,0,0,30.393
"100105",0,0,0,0,0,0,0,30.393
"100106",0,0,0,0,0,0,0,30.393
"100107",0,0,0,0,0,0,0,30.393
"100108",0,0,0,0,0,0,0,30.393
"100109",0,0,0,0,0,0,0,30.393
"100110",0,0,0,0,0,0,0,30.393
"100111",0,0,0,0,0,0,0,30.393
"100112",0,0,0,0,0,0,0,30.735
"100113",0,0,0,0,0,0,0,30.703
"100114",0,0,0,0,0,0,0,30.703
"100115",0,0,0,0,0,0,0,30.703
"100116",0,0,0,0,0,0,0,30.703
"100117",0,0,0,0,0,0,0,30.703
"100118",0,0,0,0,0,0,0,30.703
"100119",0,0,0,0,0,0,0,30.703
"100120",0,0,0,0,0,0,0,30.703
"100121",0,0,0,0,0,0,0,30.703
"100122",0,0,0,0,0,0,0,30.703
"100123",0,0,0,0,0,0,0,30.703
"100124",0,0,0,0,0,0,0,30.703
"100125",0,0,0,0,0,0,0,30.703
"100126",0,0,0,0,0,0,0,30.703
"100127",0,0,0,0,0,0,0,30.703
"100128",0,0,0,0,0,0,0,30.703
"100129",0,0,0,0,0,0,0,31.003
"100130",0,0,0,0,0,0,0,31.011
"100131",0,0,0,0,0,0,0,31.011
"100132",0,0,0,0,0,0,0,31.011
"100133",0,0,0,0,0,0,0,31.011
"100134",0,0,0,0,0,0,0,31.011
"100135",0,0,0,0,0,0,0,31.011
"100136",0,0,0,0,0,0,0,31.011
"100137",0,0,0,0,0,0,0,31.011
"100138",0,0,0,0,0,0,0,31.011
"100139",0,0,0,0,0,0,0,31.315
"100140",0,0,0,0,0,0,0,31.319
"100141",0,0,0,0,0,0,0,31.319
"100142",0,0,0,0,0,0,0,31.319
"100143",0,0,0,0,0,0,0,31.319
"100144",0,0,0,0,0,0,0,31.319
"100145",0,0,0,0,0,0,0,31.319
"100146",0,0,0,0,0,0,0,31.319
"100147",0,0,0,0,0,0,0,31.319
"100148",0,0,0,0,0,0,0,31.319
"100149",0,0,0,0,0,0,0,31.329
"100150",0,0,0,0,0,0,0,31.632
"100151",0,0,0,0,0,0,0,31.625
"100152",0,0,0,0,0,0,0,31.625
"100153",0,0,0,0,0,0,0,31.625
"100154",0,0,0,0,0,0,0,31.625
"100155",0,0,0,0,0,0,0,31.625
"100156",0,0,0,0,0,0,0,31.625
"100157",0,0,0,0,0,0,0,31.625
"100158",0,0,0,0,0,0,0,31.625
"100159",0,0,0,0,0,0,0,31.625
"100160",0,0,0,0,0,0,0,31.628
"100161",0,0,0,0,0,0,0,31.924
"100162",0,0,0,0,0,0,0,31.931
"100163",0,0,0,0,0,0,0,31.931
"100164",0,0,0,0,0,0,0,31.931
"100165",0,0,0,0,0,0,0,31.931
"100166",0,0,0,0,0,0,0,31.931
"100167",0,0,0,0,0,0,0,31.931
"100168",0,0,0,0,0,0,0,31.931
"100169",0,0,0,0,0,0,0,31.931
"100170",0,0,0,0,0,0,0,31.931
"100171",0,0,0,0,0,0,0,31.931
"100172",0,0,0,0,0,0,0,31.959
"100173",0,0,0,0,0,0,0,32.224
"100174",0,0,0,0,0,0,0,32.235
"100175",0,0,0,0,0,0,0,32.235
"100176",0,0,0,0,0,0,0,32.235
"100177",0,0,0,0,0,0,0,32.235
"100178",0,0,0,0,0,0,0,32.235
"100179",0,0,0,0,0,0,0,32.235
"100180",0,0,0,0,0,0,0,32.235
"100181",0,0,0,0,0,0,0,32.235
"100182",0,0,0,0,0,0,0,32.235
"100183",0,0,0,0,0,0,0,32.235
"100184",0,0,0,0,0,0,0,32.237
"100185",0,0,0,0,0,0,0,32.553
"100186",0,0,0,0,0,0,0,32.539
"100187",0,0,0,0,0,0,0,32.539
"100188",0,0,0,0,0,0,0,32.539
"100189",0,0,0,0,0,0,0,32.539
"100190",0,0,0,0,0,0,0,32.539
"100191",0,0,0,0,0,0,0,32.539
"100192",0,0,0,0,0,0,0,32.539
"100193",0,0,0,0,0,0,0,32.539
"100194",0,0,0,0,0,0,0,32.539
"100195",0,0,0,0,0,0,0,32.539
"100196",0,0,0,0,0,0,0,32.539
"100197",0,0,0,0,0,0,0,32.54
"100198",0,0,0,0,0,0,0,32.602
"100199",0,0,0,0,0,0,0,32.841
"100200",0,0,0,0,0,0,0,32.841
"100201",0,0,0,0,0,0,0,32.841
"100202",0,0,0,0,0,0,0,32.841
"100203",0,0,0,0,0,0,0,32.841
"100204",0,0,0,0,0,0,0,32.841
"100205",0,0,0,0,0,0,0,32.841
"100206",0,0,0,0,0,0,0,32.841
"100207",0,0,0,0,0,0,0,32.841
"100208",0,0,0,0,0,0,0,32.841
"100209",0,0,0,0,0,0,0,32.841
"100210",0,0,0,0,0,0,0,32.841
"100211",0,0,0,0,0,0,0,32.841
"100212",0,0,0,0,0,0,0,32.841
"100213",0,0,0,0,0,0,0,32.857
"100214",0,0,0,0,0,0,0,33.142
"100215",0,0,0,0,0,0,0,33.142
"100216",0,0,0,0,0,0,0,33.142
"100217",0,0,0,0,0,0,0,33.142
"100218",0,0,0,0,0,0,0,33.142
"100219",0,0,0,0,0,0,0,33.142
"100220",0,0,0,0,0,0,0,33.142
"100221",0,0,0,0,0,0,0,33.142
"100222",0,0,0,0,0,0,0,33.142
"100223",0,0,0,0,0,0,0,33.142
"100224",0,0,0,0,0,0,0,33.142
"100225",0,0,0,0,0,0,0,33.142
"100226",0,0,0,0,0,0,0,33.142
"100227",0,0,0,0,0,0,0,33.142
"100228",0,0,0,0,0,0,0,33.142
"100229",0,0,0,0,0,0,0,33.149
"100230",0,0,0,0,0,0,0,33.443
"100231",0,0,0,0,0,0,0,33.443
"100232",0,0,0,0,0,0,0,33.443
"100233",0,0,0,0,0,0,0,33.443
"100234",0,0,0,0,0,0,0,33.443
"100235",0,0,0,0,0,0,0,33.443
"100236",0,0,0,0,0,0,0,33.443
"100237",0,0,0,0,0,0,0,33.443
"100238",0,0,0,0,0,0,0,33.443
"100239",0,0,0,0,0,0,0,33.443
"100240",0,0,0,0,0,0,0,33.443
"100241",0,0,0,0,0,0,0,33.443
"100242",0,0,0,0,0,0,0,33.443
"100243",0,0,0,0,0,0,0,33.443
"100244",0,0,0,0,0,0,0,33.443
"100245",0,0,0,0,0,0,0,33.443
"100246",0,0,0,0,0,0,0,33.46
"100247",0,0,0,0,0,0,0,33.748
"100248",0,0,0,0,0,0,0,33.742
"100249",0,0,0,0,0,0,0,33.742
"100250",0,0,0,0,0,0,0,33.742
"100251",0,0,0,0,0,0,0,33.742
"100252",0,0,0,0,0,0,0,33.742
"100253",0,0,0,0,0,0,0,33.742
"100254",0,0,0,0,0,0,0,33.742
"100255",0,0,0,0,0,0,0,33.742
"100256",0,0,0,0,0,0,0,33.742
"100257",0,0,0,0,0,0,0,33.742
"100258",0,0,0,0,0,0,0,33.742
"100259",0,0,0,0,0,0,0,33.742
"100260",0,0,0,0,0,0,0,33.742
"100261",0,0,0,0,0,0,0,33.742
"100262",0,0,0,0,0,0,0,33.742
"100263",0,0,0,0,0,0,0,33.742
"100264",0,0,0,0,0,0,0,33.742
"100265",0,0,0,0,0,0,0,33.789
"100266",0,0,0,0,0,0,0,34.045
"100267",0,0,0,0,0,0,0,34.04
"100268",0,0,0,0,0,0,0,34.04
"100269",0,0,0,0,0,0,0,34.04
"100270",0,0,0,0,0,0,0,34.04
"100271",0,0,0,0,0,0,0,34.04
"100272",0,0,0,0,0,0,0,34.04
"100273",0,0,0,0,0,0,0,34.04
"100274",0,0,0,0,0,0,0,34.04
"100275",0,0,0,0,0,0,0,34.04
"100276",0,0,0,0,0,0,0,34.04
"100277",0,0,0,0,0,0,0,34.04
"100278",0,0,0,0,0,0,0,34.04
"100279",0,0,0,0,0,0,0,34.04
"100280",0,0,0,0,0,0,0,34.04
"100281",0,0,0,0,0,0,0,34.04
"100282",0,0,0,0,0,0,0,34.04
"100283",0,0,0,0,0,0,0,34.04
"100284",0,0,0,0,0,0,0,34.04
"100285",0,0,0,0,0,0,0,34.042
"100286",0,0,0,0,0,0,0,34.047
"100287",0,0,0,0,0,0,0,34.34
"100288",0,0,0,0,0,0,0,34.337
"100289",0,0,0,0,0,0,0,34.337
"100290",0,0,0,0,0,0,0,34.337
"100291",0,0,0,0,0,0,0,34.337
"100292",0,0,0,0,0,0,0,34.337
"100293",0,0,0,0,0,0,0,34.337
"100294",0,0,0,0,0,0,0,34.337
"100295",0,0,0,0,0,0,0,34.337
"100296",0,0,0,0,0,0,0,34.337
"100297",0,0,0,0,0,0,0,34.337
"100298",0,0,0,0,0,0,0,34.337
"100299",0,0,0,0,0,0,0,34.337
"100300",0,0,0,0,0,0,0,34.337
"100301",0,0,0,0,0,0,0,34.337
"100302",0,0,0,0,0,0,0,34.337
"100303",0,0,0,0,0,0,0,34.337
"100304",0,0,0,0,0,0,0,34.337
"100305",0,0,0,0,0,0,0,34.337
"100306",0,0,0,0,0,0,0,34.337
"100307",0,0,0,0,0,0,0,34.337
"100308",0,0,0,0,0,0,0,34.364
"100309",0,0,0,0,0,0,0,34.634
"100310",0,0,0,0,0,0,0,34.634
"100311",0,0,0,0,0,0,0,34.634
"100312",0,0,0,0,0,0,0,34.634
"100313",0,0,0,0,0,0,0,34.634
"100314",0,0,0,0,0,0,0,34.634
"100315",0,0,0,0,0,0,0,34.634
"100316",0,0,0,0,0,0,0,34.634
"100317",0,0,0,0,0,0,0,34.634
"100318",0,0,0,0,0,0,0,34.634
"100319",0,0,0,0,0,0,0,34.634
"100320",0,0,0,0,0,0,0,34.634
"100321",0,0,0,0,0,0,0,34.634
"100322",0,0,0,0,0,0,0,34.634
"100323",0,0,0,0,0,0,0.0019504112640662,34.634
"100324",0,0,0,0,0,0,0,34.634
"100325",0,0,0,0,0,0,0,34.634
"100326",0,0,0,0,0,0,0,34.634
"100327",0,0,0,0,0,0,0,34.634
"100328",0,0,0,0,0,0,0,34.634
"100329",0,0,0,0,0,0,0,34.634
"100330",0,0,0,0,0,0,0,34.634
"100331",0,0,0,0,0,0,0,34.648
"100332",0,0,0,0,0,0,0,34.883
"100333",0,0,0,0,0,0,0,34.884
"100334",0,0,0,0,0,0,0,34.885
"100335",0,0,0,0,0,0,0,34.921
"100336",0,0,0,0,0,0,0,34.929
"100337",0,0,0.00177874432081677,0,0,0.0310658937952785,0,34.929
"100338",0,0,0,0,0,0,0,34.929
"100339",0,0,0,0,0,0,0,34.929
"100340",0,0,0,0,0,0,0,34.929
"100341",0,0,0,0,0,0,0,34.929
"100342",0,0,0,0,0,0,0,34.929
"100343",0,0,0,0,0,0,0,34.929
"100344",0,0,0,0,0,0,0,34.929
"100345",0,0,0,0,0,0,0,34.929
"100346",0,0,0,0,0,0,0,34.929
"100347",0,0,0,0,0,0,0,34.929
"100348",0,0,0,0,0,0,0,34.929
"100349",0,0,0,0,0,0,0,34.929
"100350",0,0,0,0,0,0,0,34.929
"100351",0,0,0,0,0,0,0,34.929
"100352",0,0,0,0,0,0,0,34.929
"100353",0,0,0,0,0,0,0,34.929
"100354",0,0,0,0,0,0,0,34.929
"100355",0,0,0,0,0,0,0,34.922
"100356",0,0,0,0,0,0,0,34.908
"100357",0,0,0.0287794692325801,0.0171675720557624,0,0.0570143805533067,0,35.222
"100358",0,0,0.0501516338967687,0.0354773007890805,0,0.060477827587852,0,35.223
"100359",0,0,0.0671181860877936,0.0488735105121106,0,0.0661001424151177,0,35.223
"100360",0,0,0.124199379442322,0.103587215057542,0,0.11710170757849,0,35.223
"100361",0,0,0,0,0,0,0,35.223
"100362",0,0,0,0,0,0,0,35.223
"100363",0,0,0,0,0,0,0,35.223
"100364",0,0,0,0,0,0,0,35.223
"100365",0,0,0,0,0,0,0,35.223
"100366",0,0,0,0,0,0,0,35.223
"100367",0,0,0,0,0,0,0,35.223
"100368",0,0,0,0,0,0,0,35.223
"100369",0,0,0,0,0,0,0,35.223
"100370",0,0,0,0,0,0,0,35.223
"100371",0,0,0,0,0,0,0,35.223
"100372",0,0,0,0,0,0,0,35.223
"100373",0,0,0,0,0,0,0,35.223
"100374",0,0,0,0,0,0,0,35.223
"100375",0,0,0,0,0,0,0,35.223
"100376",0,0,0,0,0,0,0,35.224
"100377",0,0,0,0,0,0,0,35.222
"100378",0,0,0,0,0,0,0,35.484
"100379",0,0,0.0840750308601712,0.0680949478475743,0,0.086404992517319,0,35.516
"100380",0,0,0,0,0,0,0,35.516
"100381",0,0,0,0,0,0,0,35.516
"100382",0,0,0,0,0,0,0,35.516
"100383",0,0,0,0,0,0,0,35.516
"100384",0,0,0,0,0,0,0,35.516
"100385",0,0,0,0,0,0,0,35.516
"100386",0,0,0,0,0,0,0,35.516
"100387",0,0,0,0,0,0,0,35.516
"100388",0,0,0,0,0,0,0,35.516
"100389",0,0,0,0,0,0,0,35.516
"100390",0,0,0,0,0,0,0,35.516
"100391",0,0,0,0,0,0,0,35.516
"100392",0,0,0,0,0,0,0,35.516
"100393",0,0,0,0,0,0,0,35.516
"100394",0,0,0,0,0,0,0,35.516
"100395",0,0,0,0,0,0,0,35.516
"100396",0,0,0,0,0,0,0,35.519
"100397",0,0,0,0,0,0,0,35.538
"100398",0,0,0,0,0,0,0,35.521
"100399",0,0,0,0,0,0,0,35.558
"100400",0,0,0,0,0,0,0,35.8
"100401",0,0,0,0,0,0,0,35.808
"100402",0,0,0,0,0,0,0,35.808
"100403",0,0,0,0,0,0,0,35.808
"100404",0,0,0,0,0,0,0,35.808
"100405",0,0,0,0,0,0,0,35.808
"100406",0,0,0,0,0,0,0,35.808
"100407",0,0,0,0,0,0,0,35.808
"100408",0,0,0,0,0,0,0,35.808
"100409",0,0,0,0,0,0,0,35.808
"100410",0,0,0,0,0,0,0,35.808
"100411",0,0,0,0,0,0,0,35.808
"100412",0,0,0,0,0,0,0,35.808
"100413",0,0,0,0,0,0,0,35.808
"100414",0,0,0,0,0,0,0,35.808
"100415",0,0,0,0,0,0,0,35.808
"100416",0,0,0,0,0,0,0,35.808
"100417",0,0,0,0,0,0,0,35.804
"100418",0,0,0,0,0,0,0,35.807
"100419",0,0,0,0,0,0,0,35.804
"100420",0,0,0.054035521343562,0.0293175742657777,0,0.0392265203138131,0,36.064
"100421",0,0,0.0338292753148186,0.0138766463169466,0,0.0355959236978719,0,36.099
"100422",0,0,0,0,0,0,0,36.099
"100423",0,0,0,0,0,0,0,36.099
"100424",0,0,0,0,0,0,0,36.099
"100425",0,0,0,0,0,0,0,36.099
"100426",0,0,0,0,0,0,0,36.099
"100427",0,0,0,0,0,0,0,36.099
"100428",0,0,0,0,0,0,0,36.099
"100429",0,0,0,0,0,0,0,36.099
"100430",0,0,0,0,0,0,0,36.099
"100431",0,0,0,0,0,0,0,36.099
"100432",0,0,0,0,0,0,0,36.099
"100433",0,0,0,0,0,0,0,36.099
"100434",0,0,0,0,0,0,0,36.099
"100435",0,0,0,0,0,0,0,36.115
"100436",0,0,0,0,0,0,0,36.141
"100437",0,0,0,0,0,0,0,36.365
"100438",0,0,0,0,0,0,0,36.388
"100439",0,0,0,0,0,0,0,36.388
"100440",0,0,0,0,0,0,0,36.388
"100441",0,0,0,0,0,0,0,36.388
"100442",0,0,0,0,0,0,0,36.388
"100443",0,0,0,0,0,0,0,36.388
"100444",0,0,0,0,0,0,0,36.388
"100445",0,0,0,0,0,0,0,36.388
"100446",0,0,0,0,0,0,0,36.388
"100447",0,0,0,0,0,0,0,36.388
"100448",0,0,0,0,0,0,0,36.388
"100449",0,0,0,0,0,0,0,36.388
"100450",0,0,0,0,0,0,0,36.388
"100451",0,0,0,0,0,0,0,36.39
"100452",0,0,0,0,0,0,0,36.39
"100453",0,0,0,0,0,0,0,36.379
"100454",0,0,0,0,0,0,0,36.688
"100455",0,0,0,0,0,0,0,36.708
"100456",0,0,0,0,0,0,0,36.708
"100457",0,0,0,0,0,0,0,36.713
"100458",0,0,0,0,0,0,0,36.697
"100459",0,0,0,0,0,0,0,36.677
"100460",0,0,0,0,0,0,0,36.677
"100461",0,0,0,0,0,0,0,36.677
"100462",0,0,0,0,0,0,0,36.677
"100463",0,0,0,0,0,0,0,36.677
"100464",0,0,0,0,0,0,0,36.686
"100465",0,0,0,0,0,0,0,36.68
"100466",0,0,0,0,0,0,0,36.677
"100467",0,0,0,0,0,0,0,36.677
"100468",0,0,0,0,0,0,0,36.677
"100469",0,0,0,0,0,0,0,36.677
"100470",0,0,0,0,0,0,0,36.677
"100471",0,0,0,0,0,0,0,36.682
"100472",0,0,0,0,0,0,0,36.936
"100473",0,0,0,0,0,0,0,36.965
"100474",0,0,0,0,0,0,0,36.965
"100475",0,0,0.0164425636092273,0,0,0.0144044377863272,0,36.965
"100476",0,0,0,0,0,0,0,36.965
"100477",0,0,0,0,0,0,0,36.965
"100478",0,0,0,0,0,0,0,36.964
"100479",0,0,0.0172915138054903,0,0,0.0184144833312492,0,36.965
"100480",0,0,0,0,0,0,0,36.965
"100481",0,0,0,0,0,0,0,36.965
"100482",0,0,0,0,0,0,0,36.965
"100483",0,0,0,0,0,0,0,36.965
"100484",0,0,0,0,0,0,0,36.965
"100485",0,0,0,0,0,0,0,36.965
"100486",0,0,0,0,0,0,0,36.965
"100487",0,0,0,0,0,0,0,36.965
"100488",0,0,0,0,0,0,0,36.965
"100489",0,0,0,0,0,0,0,36.958
"100490",0,0,0.0179745954469017,0,0,0.00430619625567672,0,37.187
"100491",0,0,0.0163951043692048,0,0,0.0247003354706649,0,37.249
"100492",0,0,0.00388798148358328,0,0,0.0112579087407247,0,37.251
"100493",0,0,0.00661902017902701,0,0,0.0188468835591581,0,37.251
"100494",0,0,0,0,0,0,0,37.251
"100495",0,0,0.0413486102460802,0.0159606132494345,0,0.0255723629431943,0,37.254
"100496",0,0,0.0659847117504797,0.0445788323244813,0,0.0612426414857307,0,37.251
"100497",0,0,0.0919786312726117,0.0696010215380532,0,0.0818609152174923,0,37.247
"100498",0,0,0,0,0,0,0,37.251
"100499",0,0,0,0,0,0,0,37.244
"100500",0,0,0,0,0,0,0,37.251
"100501",0,0,0,0,0,0,0,37.251
"100502",0,0,0,0,0,0,0,37.251
"100503",0,0,0,0,0,0,0,37.251
"100504",0,0,0,0,0,0,0,37.253
"100505",0,0,0,0,0,0,0,37.252
"100506",0,0,0,0,0,0,0,37.274
"100507",0,0,0,0,0,0,0,37.272
"100508",0,0,0.0238208443584558,0.00675517918900749,0,0.0331951009664139,0,37.551
"100509",0,0,0.0275612938483849,0.0102164030865131,0,0.0362284223693156,0,37.537
"100510",0,0,0.050895388982532,0.0356352387102783,0,0.0657556242328755,0,37.537
"100511",0,0,0.00257752734932934,0,0,0.00695169179855104,0,37.537
"100512",0,0,0.0392642442619575,0.0173267911677415,0,0.0329849649093049,0,37.537
"100513",0,0,0.0750893241897266,0.0526865889518455,0,0.0659617637920252,0,37.537
"100514",0,0,0,0,0,0,0,37.537
"100515",0,0,0,0,0,0,0,37.537
"100516",0,0,0,0,0,0,0,37.545
"100517",0,0,0,0,0,0,0,37.537
"100518",0,0,0,0,0,0,0,37.537
"100519",0,0,0,0,0,0,0,37.537
"100520",0,0,0,0,0,0,0,37.537
"100521",0,0,0,0,0,0,0,37.538
"100522",0,0,0,0,0,0,0,37.537
"100523",0,0,0,0,0,0,0,37.533
"100524",0,0,0,0,0,0,0,37.821
"100525",0,0,0.0303198202882305,0.0129639626565455,0,0.0397000864031423,0,37.821
"100526",0,0,0.144526846310975,0.119094760534829,0,0.120491688515785,0,37.821
"100527",0,0,0.0946879509156678,0.0733323125254436,0,0.0878758393843782,0,37.821
"100528",0,0,0.0978775294094864,0.0730555305447638,0,0.0798181512382993,0,37.821
"100529",0,0,0.0668031738048233,0.0416418294256125,0,0.0499094600565251,0,37.821
"100530",0,0,0,0,0,0,0,37.822
"100531",0,0,0,0,0,0,0,37.822
"100532",0,0,0,0,0,0,0,37.823
"100533",0,0,0,0,0,0,0,37.821
"100534",0,0,0,0,0,0,0,37.821
"100535",0,0,0,0,0,0,0,37.821
"100536",0,0,0,0,0,0,0,37.821
"100537",0,0,0,0,0,0,0,37.821
"100538",0,0,0,0,0,0,0,37.82
"100539",0,0,0,0,0,0,0,37.825
"100540",0,0,0,0,0,0,0,37.825
"100541",0,0,0,0,0,0.0081220866949494,0,37.829
"100542",0,0,0,0,0,0,0,38.115
"100543",0,0,0,0,0,0,0,38.105
"100544",0,0,0,0,0,0,0,38.105
"100545",0,0,0.0432495455578397,0.0133951598940856,0,0.0367070610185809,0,38.105
"100546",0,0,0.0935357183328978,0.062509026426542,0,0.0819888810708125,0,38.105
"100547",0.000393066807653847,0,0.263453033274367,0.229552614852383,0.00230477137198338,0.215807318660539,0,38.105
"100548",0,0,0.191316926926135,0.154391604266801,0,0.149063940353076,0,38.105
"100549",0,0,0,0,0,0,0,38.105
"100550",0,0,0,0,0,0,0,38.105
"100551",0,0,0,0,0,0,0,38.102
"100552",0,0,0,0,0,0,0,38.106
"100553",0,0,0,0,0,0,0,38.106
"100554",0,0,0,0,0,0,0,38.105
"100555",0,0,0,0,0,0,0,38.105
"100556",0,0,0,0,0,0,0,38.105
"100557",0,0,0,0,0,0,0,38.099
"100558",0,0,0,0,0,0,0,38.076
"100559",0,0,0,0,0,0,0,38.106
"100560",0,0,0,0,0,0.00900269783936243,0,38.122
"100561",0,0,0,0,0,0,0,38.35
"100562",0,0,0,0,0,0,0,38.387
"100563",0,0,0,0,0,0,0,38.387
"100564",0,0,0.0192898895902672,0,0,0.0159206870985119,0,38.387
"100565",0,0,0.0821307211939999,0.0497725065226644,0,0.0652922199016826,0,38.387
"100566",0,0,0.169723290344318,0.136783657380556,0,0.140867571246684,0,38.387
"100567",0.000694787581603782,0,0.300746492257673,0.260841500521618,0.000738794979298264,0.229007194426329,0,38.387
"100568",0,0,0.155845060033936,0.112955148966062,0,0.102446112902578,0,38.387
"100569",0,0,0.00430344965246227,0,0,0,0,38.387
"100570",0,0,0,0,0,0,0,38.387
"100571",0,0,0,0,0,0,0,38.384
"100572",0,0,0,0,0,0,0,38.387
"100573",0,0,0,0,0,0,0,38.387
"100574",0,0,0,0,0,0,0,38.387
"100575",0,0,0,0,0,0,0,38.386
"100576",0,0,0,0,0,0,0,38.398
"100577",0,0,0,0,0,0,0,38.389
"100578",0,0,0,0,0,0,0,38.401
"100579",0,0,0,0,0,0,0,38.387
"100580",0,0,0,0,0,0,0,38.392
"100581",0,0,0,0,0,0,0,38.666
"100582",0,0,0,0,0,0,0,38.668
"100583",0,0,0.0200515200163395,0,0,0.010856903271249,0,38.668
"100584",0,0,0.0715212058698286,0.0389325682152969,0,0.0540998977562083,0,38.668
"100585",0,0,0.0743726396272863,0.0427830047388731,0,0.0599067360104017,0,38.668
"100586",0,0,0.23619076422205,0.200118314957941,0,0.185949641281135,0,38.668
"100587",0,0,0.213885727321713,0.167099326214074,0,0.143386279886724,0,38.668
"100588",0,0,0.0914895293375895,0.0514039597267634,0,0.0514174111412923,0,38.668
"100589",0,0,0,0,0,0,0,38.668
"100590",0,0,0.00882651454634144,0,0,0,0,38.668
"100591",0,0,0,0,0,0,0,38.668
"100592",0,0,0,0,0,0,0,38.668
"100593",0,0,0,0,0,0,0,38.668
"100594",0,0,0,0,0,0,0,38.669
"100595",0,0,0,0,0,0,0,38.668
"100596",0,0,0,0,0,0,0,38.666
"100597",0,0,0,0,0,0,0,38.67
"100598",0,0,0,0,0,0,0,38.668
"100599",0,0,0,0,0,0,0,38.663
"100600",0,0,0,0,0,0,0,38.938
"100601",0,0,0.0239525958648609,0,0,0.00610575429542206,0,38.948
"100602",0,0,0.0350122875513014,0.00445721806259982,0,0.0234407246676571,0,38.948
"100603",0,0,0.0183237675367466,0,0,0.0137719424447653,0,38.948
"100604",0,0,0.0241535929966382,0,0,0.0240885678748685,0,38.948
"100605",0,0,0.152388735851718,0.114343601234276,0,0.113268402204962,0,38.948
"100606",0,0,0.168827205249396,0.12871834379946,0,0.120855994236133,0,38.948
"100607",0,0,0,0,0,0,0,38.948
"100608",0,0,0.230145100373006,0.192547880527084,0,0.180129343150803,0,38.948
"100609",0,0,0,0,0,0,0,38.948
"100610",0,0,0,0,0,0,0,38.948
"100611",0,0,0,0,0,0,0,38.948
"100612",0,0,0,0,0,0,0,38.949
"100613",0,0,0,0,0,0,0,38.963
"100614",0,0,0,0,0,0,0,38.949
"100615",0,0,0,0,0,0,0,38.948
"100616",0,0,0,0,0,0,0,38.948
"100617",0,0,0,0,0,0,0,39.225
"100618",0,0,0,0,0,0,0,39.227
"100619",0,0,0.0229417330751669,0,0,0.0247210184379991,0,39.227
"100620",0,0,0.0165733436579988,0,0,0.0176239468562878,0,39.227
"100621",0,0,0.0959856036614616,0.062920522028954,0,0.0771156437371196,0,39.227
"100622",0,0,0.192030597277499,0.153460733219299,0,0.146170475029864,0,39.227
"100623",0,0,0.0408691566304172,0.00309027892899729,0,0.00704568506538909,0,39.227
"100624",0,0,0.113304656851106,0.0777134664642316,0,0.0854072559609403,0,39.227
"100625",0,0,0.275703012168779,0.234435914387264,0,0.208507302770973,0.0197777938199831,39.227
"100626",0,0,0,0,0,0,0,39.228
"100627",0,0,0,0,0,0,0,39.227
"100628",0,0,0,0,0,0,0,39.227
"100629",0,0,0,0,0,0,0,39.227
"100630",0,0,0.0229782731955534,0,0,0,0,39.205
"100631",0,0,0,0,0,0,0,39.226
"100632",0,0,0,0,0,0,0,39.222
"100633",0,0,0,0,0,0,0,39.246
"100634",0,0,0,0,0,0,0,39.476
"100635",0,0,0.154373873314945,0.119546907645991,0,0.121930016341591,0,39.505
"100636",0,0,0.0936533175276236,0.063396706056878,0,0.083411538868338,0,39.505
"100637",0,0,0.0407957951220199,0.0124865941617842,0,0.0408947400185055,0,39.505
"100638",0,0,0.210873341167667,0.172809388690878,0,0.164469619664557,0,39.505
"100639",0,0,0.0754246705725763,0.0347078840041585,0,0.0392245903867823,0,39.505
"100640",0,0,0,0,0,0,0,39.505
"100641",0,0,0.13841128390866,0.103950691388208,0,0.113407198240739,0,39.505
"100642",0,0,0.0854261331972167,0.0481652628398339,0,0.0567874766542556,0,39.505
"100643",0,0,0,0,0,0,0,39.505
"100644",0,0,0,0,0,0,0,39.505
"100645",0,0,0,0,0,0,0,39.505
"100646",0,0,0,0,0,0,0,39.506
"100647",0,0,0,0,0,0,0,39.51
"100648",0,0,0,0,0,0,0,39.516
"100649",0,0,0,0,0,0,0,39.509
"100650",0,0,0,0,0,0,0,39.505
"100651",0,0,0,0,0,0,0,39.505
"100652",0,0,0,0,0,0,0,39.507
"100653",0,0,0.23455178397595,0.19428470425673,0,0.175596866129386,0,39.78
"100654",0,0,0.162220208130828,0.123426876016315,0,0.1209239550466,0,39.781
"100655",0,0,0,0,0,0,0,39.781
"100656",0,0,0.0983787582169298,0.0606605119169223,0,0.0698950130226552,0,39.781
"100657",0,0,0.058316870057791,0.0175196628962651,0,0.0214740120901287,0,39.781
"100658",0,0,0,0,0,0,0,39.781
"100659",0,0,0.127481691767937,0.0893366897551351,0,0.0954364261168155,0,39.781
"100660",0,0,0.0745614428899723,0.0347075353054223,0,0.0399084359343429,0,39.781
"100661",0,0,0,0,0,0,0,39.781
"100662",0,0,0.0706959206348915,0.0330082113759136,0,0.0416142901473147,0,39.781
"100663",0,0,0.121164472854055,0.0856263929106915,0,0.0929410414848795,0,39.781
"100664",0,0,0.0863378972747807,0.0503935840601257,0,0.0609324265241204,0,39.781
"100665",0,0,0.0489696876359653,0.012522102207523,0,0.0209180126179815,0,39.781
"100666",0,0,0,0,0,0,0,39.781
"100667",0,0,0,0,0,0,0,39.785
"100668",0,0,0,0,0,0,0,39.781
"100669",0,0,0,0,0,0,0,39.781
"100670",0,0,0,0,0,0,0,39.781
"100671",0,0,0,0,0,0,0,39.791
"100672",0,0,0.0555503181395825,0.0189854420641518,0,0.0267903075698593,0,40.051
"100673",0,0,0.10664800084449,0.0650592919100133,0,0.0631474498556295,0,40.057
"100674",0,0,0,0,0,0,0,40.057
"100675",0,0,0.0433167300289513,0.00435865457189828,0,0.0111311768940784,0,40.057
"100676",0,0,0.177813290746817,0.130128874436838,0,0.113934918455779,0,40.057
"100677",0,0,0,0,0,0,0,40.057
"100678",0,0,0.114373048967797,0.0752458670211317,0,0.0803391732863695,0,40.057
"100679",0,0,0.0511718065909771,0.014534402412306,0,0.025840739030583,0,40.057
"100680",0,0,0.0176664657096296,0,0,0,0,40.057
"100681",0,0,0.0494718470872872,0.0147977377077435,0,0.0281283517600014,0,40.057
"100682",0,0,0.119904500269653,0.0802447913703217,0,0.0802198473961819,0,40.057
"100683",0,0,0.123421275014993,0.0855954653470387,0,0.0877940917000619,0,40.057
"100684",0,0,0.058152043727051,0.0221570183395989,0,0.0335027047840547,0,40.057
"100685",0,0,0,0,0,0,0,40.057
"100686",0,0,0,0,0,0,0,40.057
"100687",0,0,0,0,0,0,0,40.057
"100688",0,0,0,0,0,0,0,40.057
"100689",0,0,0,0,0,0,0,40.057
"100690",0,0,0,0,0,0,0,40.062
"100691",0,0,0,0,0,0,0,40.331
"100692",0,0,0,0,0,0,0,40.331
"100693",0,0,0,0,0,0,0,40.331
"100694",0,0,0,0,0,0,0,40.331
"100695",0,0,0,0,0,0,0,40.331
"100696",0,0,0.00652279343459465,0,0,0,0,40.331
"100697",0,0,0.0351310256636625,0,0,0.0113024418422171,0,40.331
"100698",0,0,0.0155747629322482,0,0,0,0,40.331
"100699",0,0,0.0104151293988222,0,0,0,0,40.331
"100700",0,0,0.174868808964486,0.135491411961937,0,0.12843222563518,0,40.331
"100701",0,0,0.214014407734172,0.172577697475099,0,0.156020965605285,0,40.331
"100702",0,0,0.0654142723839959,0.0313030726201756,0,0.0461121418347731,0,40.331
"100703",0,0,0,0,0,0,0,40.331
"100704",0,0,0,0,0,0,0,40.331
"100705",0,0,0,0,0,0,0,40.331
"100706",0,0,0,0,0,0,0,40.331
"100707",0,0,0,0,0,0,0,40.331
"100708",0,0,0,0,0,0,0,40.323
"100709",0,0,0,0,0,0,0,40.605
"100710",0,0,0,0,0,0,0,40.605
"100711",0,0,0,0,0,0,0,40.605
"100712",0,0,0,0,0,0,0,40.605
"100713",0,0,0.0733090392357655,0.0326633408760151,0,0.0394045566124918,0,40.605
"100714",0,0,0.0808625803621351,0.0386554419148117,0,0.0396742484982928,0,40.605
"100715",0,0,0.129472738101393,0.0894335764718931,0,0.0905952265557655,0,40.605
"100716",0,0,0.0635445214203182,0.0262991439530529,0,0.0338595171149836,0,40.605
"100717",0,0,1.19030511906207e-06,0,0,0,0,40.605
"100718",0,0,0.0370759287635651,0,0,0,0,40.605
"100719",0,0,0.21639060553918,0.171116768170791,0,0.147950736241595,0,40.605
"100720",0,0,0.162083717251389,0.11875921098662,0,0.10728351745332,0,40.605
"100721",0,0,0.0390823023306182,0.00155583131384265,0,0.00850224756934977,0,40.605
"100722",0,0,0,0,0,0,0,40.605
"100723",0,0,0,0,0,0,0,40.605
"100724",0,0,0,0,0,0,0,40.605
"100725",0,0,0,0,0,0,0,40.605
"100726",0,0,0,0,0,0,0,40.63
"100727",0,0,0.010369104847432,0,0,0,0,40.658
"100728",0,0,0,0,0,0,0,40.877
"100729",0,0,0,0,0,0,0,40.877
"100730",0,0,0,0,0,0,0,40.877
"100731",0,0,0,0,0,0,0,40.877
"100732",0,0,0.0449752751392677,0.00726450455857689,0,0.0149566570734861,0,40.877
"100733",0,0,0.0779009062478697,0.03442517959968,0,0.0313865432817904,0,40.877
"100734",0,0,0.224669870342076,0.179383565091872,0,0.158956921592084,0,40.877
"100735",0,0,0.115408558511665,0.0745350073362903,0,0.0719491179046599,0,40.877
"100736",0,0,0.091214992741636,0.0513580708642177,0,0.0523397396228927,0,40.877
"100737",0,0,0.0781907773179495,0.0363355876154308,0,0.0346095106473266,0,40.877
"100738",0,0,0.156628835226654,0.114138121229486,0,0.103430136221651,0,40.877
"100739",0,0,0.099629214882312,0.0615699101887474,0,0.0649358084832499,0,40.877
"100740",0,0,0.0500431601150107,0.017498130646233,0,0.0372700840323361,0,40.877
"100741",0,0,0,0,0,0,0,40.877
"100742",0,0,0,0,0,0,0,40.877
"100743",0,0,0.0272999420602652,0,0,0.00275189617982332,0,40.877
"100744",0,0,0.0353843279810197,0,0,0.00321942693256892,0,40.877
"100745",0,0,0.0172816738638133,0,0,0,0,40.877
"100746",0,0,0.057300394045483,0.0287950321298142,0,0.0598674887769889,0,40.874
"100747",0,0,0.0899401332765722,0.0624954876269702,0,0.0891236451138193,0,40.83
"100748",0,0,0,0,0,0,0,40.847
"100749",0,0,0,0,0,0,0,40.875
"100750",0,0,0.00899912601641031,0,0,0,0,41.148
"100751",0,0,0.00519999949609829,0,0,0,0,41.148
"100752",0,0,0.0496467541882252,0.00905648978219021,0,0.0102901820138085,0,41.148
"100753",0,0,0.0662335922435266,0.0245659177126448,0,0.0242560801338302,0,41.148
"100754",0,0,0.0433670241985554,0.00631565440030279,0,0.0135145430414663,0,41.148
"100755",0,0,0.0550029153681978,0.0198123632698277,0,0.0330194376644657,0,41.148
"100756",0,0,0.118249347528577,0.0775594368225443,0,0.0765741337280186,0,41.148
"100757",0,0,0.0908125082506223,0.0535541542568134,0,0.0593970485225406,0,41.148
"100758",0,0,0.103818479124447,0.0647692788935161,0,0.065657145121329,0,41.148
"100759",0,0,0.209821378822009,0.166931456863112,0,0.147813387222246,0,41.148
"100760",0,0,0.209428761802346,0.168766982262638,0,0.153127657684436,0,41.148
"100761",0,0,0.0840337999949567,0.0497566812991775,0,0.0613190206177065,0,41.148
"100762",0,0,0,0,0,0,0,41.148
"100763",0,0,0.0638105653891887,0.02943317618188,0,0.0460218845330686,0,41.148
"100764",0,0,0.0904852697176868,0.0529378579430154,0,0.0602630827566545,0,41.148
"100765",0,0,0.0248570435931274,0,0,0.00736248481656872,0,41.148
"100766",0,0,0,0,0,0,0,41.148
"100767",0,0,0.0765638054504954,0.0415202090744499,0,0.0516969837459329,0,41.148
"100768",0,0,0,0,0,0,0,41.148
"100769",0,0,0,0,0,0,0,41.17
"100770",0,0,0.0294428241821526,0,0,0.0027303406416242,0,41.418
"100771",0,0,0.0817922384073952,0.0400635936804676,0,0.0402611736493773,0,41.418
"100772",0,0,0.10148334669462,0.0570004543409661,0,0.0509119239787391,0,41.418
"100773",0,0,0.158362767792496,0.109996582621208,0,0.0927784001037384,0,41.418
"100774",0,0,0.132029583738891,0.0869737382808625,0,0.0764567550110578,0,41.418
"100775",0,0,0.143014203621063,0.0958997449588058,0,0.0796416105147442,0,41.418
"100776",0,0,0.144254365392759,0.0969441563245565,0,0.0821643688492558,0,41.418
"100777",0,0,0.156533433921074,0.110852668086926,0,0.0964674279738271,0,41.418
"100778",0,0,0.214915644455539,0.171328358203588,0,0.15040919820568,0,41.418
"100779",0.00677334533338888,0,0.340928119536443,0.297336116364932,0.00652768941823258,0.251820353228776,0,41.418
"100780",0,0,0.300318588833656,0.257992126817865,0,0.22168620826101,0,41.418
"100781",0,0,0.16963521066526,0.137039986836162,0,0.140265801324638,0,41.418
"100782",0,0,0.00281232398621721,0,0,0,0,41.418
"100783",0,0,0,0,0,0,0,41.418
"100784",0,0,0.0833924117036366,0.0415798980821818,0,0.0394572348001915,0,41.418
"100785",0,0,0.0969546079536194,0.0605446309889944,0,0.066678998084586,0,41.418
"100786",0,0,0,0,0,0,0,41.418
"100787",0,0,0,0,0,0,0,41.418
"100788",0,0,0,0,0,0,0,41.418
"100789",0,0,0.0601715401000877,0.0231449328621784,0,0.0350899755752731,0,41.418
"100790",0,0,0,0,0,0,0,41.418
"100791",0,0,0.0113712343981423,0,0,0.00305282514666871,0,41.418
"100792",0,0,0,0,0,0,0,41.42
"100793",0,0,0,0,0,0,0,41.435
"100794",0,0,0,0,0,0,0,41.451
"100795",0,0,0.0809782738078795,0.0397666092996008,0,0.0409655241252395,0,41.687
"100796",0,0,0.0966224544803316,0.056342997185648,0,0.0589427356025226,0,41.687
"100797",0,0,0.115936250395898,0.0701221209667124,0,0.0599977614196315,0,41.687
"100798",0,0,0.174216760281594,0.123017302184664,0,0.0979646281644829,0,41.687
"100799",0,0,0.162827284047627,0.116076543889573,0,0.0982737316556665,0,41.687
"100800",0,0,0.197089868003822,0.153178314326517,0,0.135302884784317,0,41.687
"100801",0,0,0.135709036949882,0.0930283547658867,0,0.0854842121429738,0,41.687
"100802",0,0,0.178108432642751,0.13571838515625,0,0.124394079426423,0,41.687
"100803",0,0,0.153162220962316,0.113644470903206,0,0.108052697438833,0,41.687
"100804",0.0066475007412919,0,0.327060254910296,0.285811922927203,0.0075029724726448,0.246378621609579,0,41.687
"100805",0,0,0.183879438500677,0.145251062998217,0,0.136167242540348,0,41.687
"100806",0,0,0.0501321733977072,0.013498707100504,0,0.0188245934671182,0,41.687
"100807",0,0,0.02821695774884,0,0,0,0,41.687
"100808",0,0,0.0345530698494216,0,0,0.0073862497258718,0,41.687
"100809",0,0,0.0742355526302594,0.0345174541721787,0,0.0350852601688776,0,41.687
"100810",0,0,0.0388604751738843,0.00445231458940355,0,0.0135823709153929,0,41.687
"100811",0,0,0.00922988821516437,0,0,0,0,41.687
"100812",0,0,0.00143684432131993,0,0,0,0,41.687
"100813",0,0,0,0,0,0,0,41.687
"100814",0,0,0,0,0,0,0,41.687
"100815",0,0,0.00574778180308568,0,0,0,0,41.687
"100816",0,0,0,0,0,0,0,41.687
"100817",0,0,0,0,0,0,0,41.687
"100818",0,0,0,0,0,0,0,41.687
"100819",0,0,0,0,0,0,0,41.687
"100820",0,0,0,0,0,0,0,41.703
"100821",0,0,0,0,0,0,0,41.703
"100822",0,0,0,0,0,0,0,41.693
"100823",0,0,0.072187312617825,0.0360114457835637,0,0.0458033800438077,0,41.941
"100824",0,0,0.0945920196900055,0.0557199254829712,0,0.0608024707652074,0,41.955
"100825",0,0,0.080111179010125,0.0380515195419585,0,0.0356365078545577,0,41.955
"100826",0,0,0.0657607194699975,0.0249596664204766,0,0.0230152342794847,0,41.955
"100827",0,0,0.0935355409247192,0.0550325512711342,0,0.0571410285132262,0,41.955
"100828",0,0,0.0615845680882683,0.0271020952754847,0,0.0370664257567892,0,41.955
"100829",0,0,0.0789248055219133,0.0451514155255168,0,0.0571976958240555,0,41.955
"100830",0,0,0.0625401351191237,0.0308418885264064,0,0.0474016707980884,0,41.955
"100831",0,0,0.0631346730224738,0.028870007068652,0,0.0381650624068513,0,41.955
"100832",0,0,0.095253598884146,0.0646601426318255,0,0.0806780826727353,0,41.955
"100833",0,0,0.0662321711682337,0.0328284712949468,0,0.0439276135028599,0,41.955
"100834",0,0,0.019491722377738,0,0,0,0,41.955
"100835",0,0,0.0265240977243014,0,0,0,0,41.955
"100836",0,0,0.00768221383815363,0,0,0,0,41.955
"100837",0,0,0.0649266911961518,0.0281843353587915,0,0.0338001209796656,0,41.955
"100838",0,0,0.138853944981003,0.099348877029433,0,0.0952095587465138,0,41.955
"100839",0,0,0.174918655266594,0.13623920289121,0,0.128704755042902,0,41.955
"100840",0,0,0.133463632790515,0.0946442448524815,0,0.0925990185616184,0,41.955
"100841",0,0,0.00727654522790205,0,0,0,0,41.955
"100842",0,0,0.0339143385238415,0.000142588933241009,0,0.0177606887264299,0,41.955
"100843",0,0,0.136787283340039,0.098831891210172,0,0.105843863989409,0,41.955
"100844",0,0,0,0,0,0,0,41.955
"100845",0,0,0,0,0,0,0,41.955
"100846",0,0,0,0,0,0,0,41.955
"100847",0,0,0,0,0,0,0,41.955
"100848",0,0,0,0,0,0,0,41.955
"100849",0,0,0,0,0,0,0,41.955
"100850",0,0,0.0663636915174968,0.0281742913416083,0,0.030584963194836,0,42.214
"100851",0,0,0.0886809123590714,0.0512927757119103,0,0.0564168479829027,0,42.221
"100852",0,0,0.0944865091884892,0.057326069701686,0,0.0621914993139227,0,42.221
"100853",0,0,0.0895890429505928,0.0544053624673113,0,0.0625779284036963,0,42.221
"100854",0,0,0.0617429493237015,0.0293911550747424,0,0.0438759826726793,0,42.221
"100855",0,0,0.00988656806145633,0,0,0.00376248360839231,0,42.221
"100856",0,0,0.0106454986135831,0,0,0,0,42.221
"100857",0,0,0.0235046663104745,0,0,0.0018703812525649,0,42.221
"100858",0,0,0.0653919965855334,0.0258738303767165,0,0.0252227393468529,0,42.221
"100859",0,0,0.0151322195940118,0,0,0,0,42.221
"100860",0,0,0.00297518076955452,0,0,0,0,42.221
"100861",0,0,0,0,0,0,0,42.221
"100862",0,0,0.0655494500065316,0.0312383780699922,0,0.0419910080184509,0,42.221
"100863",0,0,0.121396407491485,0.0825401838780272,0,0.0809531924877616,0,42.221
"100864",0,0,0.0839080741356082,0.0483522411543734,0,0.0546250259687254,0,42.221
"100865",0,0,0.158063019987063,0.118860290715811,0,0.114817407792353,0,42.221
"100866",0,0,0,0,0,0,0,42.221
"100867",0,0,0.0313508961978451,0,0,0,0,42.221
"100868",0,0,0.0558727719513891,0.0212575606789258,0,0.0400047518517156,0,42.221
"100869",0,0,0,0,0,0,0,42.221
"100870",0,0,0,0,0,0.00644098458055898,0,42.221
"100871",0,0,0,0,0,0,0,42.221
"100872",0,0,0,0,0,0,0,42.221
"100873",0,0,0,0,0,0,0,42.221
"100874",0,0,0,0,0,0,0,42.193
"100875",0,0,0.0293839140350074,0,0,0.00633273282700608,0,42.461
"100876",0,0,0.0534186193888938,0.0197927430496178,0,0.0317325643186425,0,42.487
"100877",0,0,0.126607215378618,0.0884475578860691,0,0.0871530165697485,0,42.487
"100878",0,0,0.0593155623444976,0.0245058151768568,0,0.0322664378335946,0,42.487
"100879",0,0,0.0231049898766334,0,0,0,0,42.487
"100880",0,0,0.0687490066294786,0.0314160607468113,0,0.0340453193762987,0,42.487
"100881",0,0,0,0,0,0,0,42.487
"100882",0,0,0,0,0,0,0,42.487
"100883",0,0,0,0,0,0,0,42.487
"100884",0,0,0.0160219930254327,0,0,0,0,42.487
"100885",0,0,0.023048138061913,0,0,0.00967811583018624,0,42.487
"100886",0,0,0.0392158691954744,0.00606859884080066,0,0.0170358599300899,0,42.487
"100887",0,0,0.0276747177393084,0,0,0.020373371289153,0,42.487
"100888",0,0,0.0414763614138023,0.010091892887739,0,0.0259620317183864,0,42.487
"100889",0,0,0.0759700764894107,0.0402014480215395,0,0.0457154900196384,0,42.487
"100890",0,0,0,0,0,0,0,42.487
"100891",0,0,0.0299982013233848,0,0,0,0,42.487
"100892",0,0,0.0772846940086843,0.0438855641363569,0,0.064768444907739,0,42.487
"100893",0,0,0.0921411440174845,0.055241215729962,0,0.0708632543868793,0,42.487
"100894",0,0,0.0367843882108573,0.00586314196696281,0,0.0332063985729211,0,42.487
"100895",0,0,0,0,0,0,0,42.487
"100896",0,0,0,0,0,0,0,42.487
"100897",0,0,0.0249835175934056,0,0,0.0328523691107813,0,42.487
"100898",0,0,0,0,0,0,0,42.515
"100899",0,0,0.0569625683300722,0.0189983802451572,0,0.020345565653414,0,42.736
"100900",0,0,0.0937757167840544,0.0553660344302036,0,0.0553209045487227,0,42.751
"100901",0,0,0.0662607097917921,0.0289487263202643,0,0.030949060424625,0,42.751
"100902",0,0,0,0,0,0,0,42.751
"100903",0,0,0.0247958506013442,0,0,0,0,42.751
"100904",0,0,0,0,0,0,0,42.751
"100905",0,0,0,0,0,0,0,42.751
"100906",0,0,0.0324253235619215,0,0,0,0,42.751
"100907",0,0,0.0752237530115868,0.0355614701449438,0,0.0360455695048904,0,42.751
"100908",0,0,0.0592789711780163,0.0242408543530245,0,0.0329982596613551,0,42.751
"100909",0,0,0.0295642831726023,0,0,0.0167210694644631,0,42.751
"100910",0,0,0.0649963366683671,0.0331882384167648,0,0.0484841852002705,0,42.751
"100911",0,0,0,0,0,0,0,42.751
"100912",0,0,0,0,0,0,0,42.751
"100913",0,0,0.0641522464082013,0.0269300539624311,0,0.0307441132276709,0,42.751
"100914",0,0,0.0346625396260292,0.00132521440747671,0,0.0177354624704514,0,42.751
"100915",0,0,0.146093801773974,0.107662108495361,0,0.112477994776172,0,42.751
"100916",0,0,0.106582341669633,0.064492588080062,0,0.0674325000258998,0,42.751
"100917",0,0,0.239248459094684,0.204636222883745,0,0.200741390430255,0,42.751
"100918",0,0,0,0,0,0,0,42.751
"100919",0,0,0,0,0,0,0,42.751
"100920",0,0,0,0,0,0,0,42.751
"100921",0,0,0.00953887654818051,0,0,0.0131361237179824,0,42.745
"100923",0,0,0,0,0,0,0,43.015
"100924",0,0,0,0,0,0,0,43.015
"100925",0,0,0,0,0,0,0,43.015
"100926",0,0,0,0,0,0,0,43.015
"100927",0,0,0,0,0,0,0,43.015
"100928",0,0,0,0,0,0,0,43.015
"100929",0,0,0.0200964273761293,0,0,0,0,43.015
"100930",0,0,0.0196145813549366,0,0,0,0,43.015
"100931",0,0,0.0732067281829573,0.0333395559455976,0,0.032189401821663,0,43.015
"100932",0,0,0.0980438790396366,0.057079803544712,0,0.0523202391011461,0,43.015
"100933",0,0,0.0887636083115574,0.0526072417625106,0,0.057698064060484,0,43.015
"100934",0,0,0.099983210096152,0.0613710054433244,0,0.0602775282135798,0,43.015
"100935",0,0,0.0718595222395809,0.0352274772758474,0,0.0398821144845015,0,43.015
"100936",0,0,0,0,0,0,0,43.015
"100937",0,0,0.0532135888838658,0.0160674758018517,0,0.0245925047917649,0,43.015
"100938",0,0,0.301497633338827,0.250063541609672,0,0.208138945579822,0,43.015
"100939",0,0,0.166547629060537,0.117294149985452,0,0.0990759992506544,0,43.015
"100940",0,0,0.103197256353174,0.0706504603236996,0,0.0898109503916524,0,43.015
"100941",0,0,0,0,0,0,0,43.015
"100942",0,0,0,0,0,0,0,43.015
"100943",0,0,0,0,0,0,0,43.015
"100944",0,0,0,0,0,0,0,43.019
"100945",0,0,0,0,0,0,0,43.232
"100946",0,0,0,0,0,0,0,43.258
"100947",0,0,0,0,0,0,0,43.258
"100948",0,0,0.0049275354697356,0,0,0,0,43.236
"100949",0,0,0,0,0,0,0,43.214
"100950",0,0,0.00985551697567007,0,0,0,0,43.259
"100951",0,0,0.0483415706810776,0.0107563431381436,0,0.0126702454328662,0,43.277
"100952",0,0,0.0764222373625374,0.0377045112424666,0,0.0391904871298897,0,43.277
"100953",0,0,0.083817852624682,0.0454209062726646,0,0.0470661741457057,0,43.277
"100954",0,0,0.144944993221873,0.104982626326558,0,0.0986917538530604,0,43.277
"100955",0,0,0.208658667280214,0.165218612452785,0,0.142590242031492,0,43.277
"100956",0,0,0.27020160756551,0.223776500927599,0,0.187031046317103,0,43.277
"100957",0,0,0.193819121860851,0.151284486108546,0,0.134412350075811,0,43.277
"100958",0,0,0.0907118153904699,0.0542082380955887,0,0.0610763172121991,0,43.277
"100959",0,0,0.0752975080485378,0.0337140133923935,0,0.0348329868397768,0,43.277
"100960",0,0,0.232085435013496,0.186620865919234,0,0.16545785297841,0,43.277
"100961",0,0,0.0887183574982989,0.0466493472585258,0,0.0428955289597608,0,43.277
"100962",0,0,0.0864857189779856,0.0525859140376213,0,0.0668721095997498,0,43.277
"100963",0,0,0.0308552424461803,0.00090114636170925,0,0.0259476399812714,0,43.277
"100964",0,0,0.0284539581555064,0,0,0.00512922733905727,0,43.277
"100965",0,0,0,0,0,0,0,43.277
"100966",0,0,0,0,0,0,0,43.277
"100967",0,0,0,0,0,0,0,43.3
"100968",0,0,0.0102308872973342,0,0,0,0,43.489
"100969",0,0,0.173276725688472,0.132594193166147,0,0.12076745829305,0,43.538
"100970",0,0,0.294657373684449,0.245102112599864,0,0.199516666258254,0,43.538
"100971",0,0,0.1713930490618,0.130470519032217,0,0.115600681089621,0,43.538
"100972",0,0,0.269843546815091,0.224497415324655,0,0.187633261922348,0,43.538
"100973",0,0,0.256640320725329,0.218197391242641,0,0.195516786232746,0,43.538
"100974",0,0,0.233093262075195,0.189185808586823,0,0.163331558741512,0,43.538
"100975",0,0,0.16992093425188,0.12670757710691,0,0.114035672243176,0,43.538
"100976",0,0,0.0345953227672842,0,0,0.00470094170616623,0,43.538
"100977",0,0,0.218582843775032,0.175789455677453,0,0.160349497804788,0,43.538
"100978",0,0,0.116743277032262,0.0827412603857104,0,0.0957049164120963,0,43.538
"100979",0,0,0.0764715407083021,0.0423152215615732,0,0.0549497571511046,0,43.538
"100980",0,0,0.0396427625736798,0.00759862030195482,0,0.0278791463257545,0,43.538
"100981",0,0,0.157553678721477,0.116229774791456,0,0.110479346609863,0,43.538
"100982",0,0,0,0,0,0,0,43.538
"100983",0,0,0,0,0,0,0,43.538
"100984",0,0,0,0,0,0,0,43.538
"100985",0,0,0.108360396023417,0.0728678391104015,0,0.0761279104183917,0,43.797
"100986",0,0,0.204728206898204,0.166726053176028,0,0.153549276675048,0,43.798
"100987",0,0,0.131227184828569,0.0940205289071892,0,0.0880038211206782,0,43.798
"100988",0,0,0.213612097533641,0.17409038119238,0,0.154006719807637,0,43.798
"100989",0,0,0.210567033602512,0.17118162230674,0,0.153902238413064,0,43.798
"100990",0,0,0.212019781037134,0.166212852719972,0,0.140045228578018,0,43.798
"100991",0,0,0.257618244734031,0.210377150385776,0,0.177969898404103,0,43.798
"100992",0,0,0.0701804754080049,0.0288318118046748,0,0.029064022416356,0,43.798
"100993",0,0,0.168633801987181,0.116358732611419,0,0.100740766039279,0,43.798
"100994",0,0,0.147568116969664,0.0996088685773617,0,0.0815500087118143,0,43.798
"100995",0,0,0.0846065783207818,0.0388029243942873,0,0.0243483063682368,0,43.798
"100996",0,0,0.0640267273970587,0.02368462523555,0,0.0258421040227642,0,43.798
"100997",0,0,0.241801065323347,0.190823259215909,0,0.158776796372603,0,43.798
"100998",0,0,0.157527206942637,0.108876858775932,0,0.0920452818765339,0,43.798
"100999",0,0,0,0,0,0,0,43.798
"101000",0,0,0,0,0,0,0,43.798
"101001",0,0,0,0,0,0,0,43.816
"101002",0,0,0,0,0,0,0,43.84
"101003",0,0,0,0,0,0,0,44.058
"101004",0,0,0.0766129720843595,0.043348252881154,0,0.052339494961439,0,44.057
"101005",0,0,0.125955886562452,0.0915615259658817,0,0.0942063405024714,0,44.057
"101006",0,0,0.174360874689359,0.138137998867537,0,0.130094440246802,0,44.057
"101007",0,0,0.11826179547781,0.0843084544346709,0,0.0877977477675959,0,44.057
"101008",0,0,0.200654129232016,0.15945023921746,0,0.143971431564069,0,44.057
"101009",0.0114058632504373,0,0.355109539181901,0.310776428528195,0.0111979109212162,0.261661286144255,0,44.057
"101010",0,0,0.0802525877622068,0.0384940855137013,0,0.037556292186805,0,44.057
"101011",0,0,0.110270811690932,0.0615082638216663,0,0.050882541381568,0,44.057
"101012",0,0,0.0421456227809305,0,0,0,0,44.057
"101013",0,0,0,0,0,0,0,44.057
"101014",0,0,0,0,0,0,0,44.057
"101015",0,0,0.362361496872992,0.310448590202555,0,0.253010222394348,0,44.057
"101016",0,0,0.293514653681171,0.240066524401145,0,0.195514491077221,0,44.057
"101017",0,0,0,0,0,0,0,44.057
"101018",0,0,0,0,0,0,0,44.057
"101019",0,0,0,0,0,0,0,44.057
"101020",0,0,0,0,0,0,0,44.057
"101021",0,0,0,0,0,0,0,44.063
"101022",0,0,0.0816261759372458,0.0476632179287115,0,0.0645316961485444,0,44.074
"101023",0,0,0.010861009215292,0,0,0,0,44.28
"101024",0,0,0.05537096556444,0.021639551117847,0,0.0286311586342422,0,44.314
"101025",0,0,0.118065672774973,0.0827159258856357,0,0.0853077880019793,0,44.314
"101026",0,0,0.127764108573013,0.0934132789015346,0,0.096483079316778,0,44.314
"101027",0,0,0.10735430489463,0.0720304655009159,0,0.0753479525222233,0,44.314
"101028",0,0,0.0926892432638784,0.0557099950176864,0,0.0584297024772612,0,44.314
"101029",0,0,0.161156901831811,0.121431770884563,0,0.114421362623715,0,44.314
"101030",0,0,0.109776348692588,0.0653314181776765,0,0.0573229834548503,0,44.314
"101031",0,0,0.213768577028518,0.162441763025285,0,0.135192246837363,0,44.314
"101032",0,0,0,0,0,0,0,44.314
"101033",0,0,0,0,0,0,0,44.314
"101034",0,0,0.00310764814928495,0,0,0,0,44.314
"101035",0,0,0.123328952706882,0.0831832329422559,0,0.082875348501668,0,44.314
"101036",0,0,0.361027064405313,0.306166668506259,0,0.246304786466882,0,44.314
"101037",0,0,0.0667464057581207,0.0277920137315851,0,0.0348252654745945,0,44.314
"101038",0,0,0.028502692213534,0,0,0,0,44.314
"101039",0,0,0,0,0,0,0,44.314
"101040",0,0,0,0,0,0,0,44.314
"101041",0,0,0,0,0,0,0,44.314
"101042",0,0,0.0491460741764415,0.0168763668328388,0,0.0374059089294566,0,44.321
"101043",0,0,0.111515851668453,0.0807592203691948,0,0.094779768517418,0,44.336
"101044",0,0,0.0901235459835749,0.0618715967797322,0,0.0813900786482585,0,44.338
"101045",0,0,0.0704335206099386,0.0357607428828442,0,0.0416249855390003,0,44.546
"101046",0,0,0.080747894725662,0.04414866623918,0,0.0459320413749492,0,44.571
"101047",0,0,0.136176894951372,0.0987367387113086,0,0.0960861564972437,0,44.571
"101048",0,0,0.0999391696698203,0.0654029612390893,0,0.0705441782214109,0,44.571
"101049",0,0,0.0871969689933034,0.0541028964390829,0,0.0637440255102984,0,44.571
"101050",0,0,0.042251268890454,0.0117014239408903,0,0.0260095174511373,0,44.571
"101051",0,0,0.112089766298018,0.0678639693334648,0,0.0607300917024891,0,44.571
"101052",0,0,0.245943953281346,0.197920296487349,0,0.170896265341632,0,44.571
"101053",0,0,0.175796215882451,0.129937854025665,0,0.115459023470553,0,44.571
"101054",0,0,0.144538961335536,0.102892085385078,0,0.0907184010074746,0,44.571
"101055",0,0,0.127793269505276,0.0829353448796442,0,0.0703424976364905,0,44.571
"101056",0,0,0.0919864406716438,0.0531341311425208,0,0.056874329901052,0,44.571
"101057",0,0,0.108094283090068,0.0641914333929766,0,0.0618381734669572,0,44.571
"101058",0,0,0.19937296971541,0.155160197867279,0,0.138939178733543,0,44.571
"101059",0,0,0.100804489263511,0.0607492479220188,0,0.0636414399570832,0,44.571
"101060",0,0,0.113572489512047,0.0740787586439282,0,0.0770759272642487,0,44.571
"101061",0,0,0.0206317889824332,0,0,0,0,44.571
"101062",0,0,0,0,0,0,0,44.571
"101063",0,0,0,0,0,0,0,44.571
"101064",0,0,0.109025075454143,0.0766646588929624,0,0.0892703027672983,0,44.575
"101065",0,0,0.0808731191794328,0.0509269808571132,0,0.0671110803295937,0,44.576
"101066",0,0,0.105401358360502,0.0773246293979628,0,0.0926447691902525,0,44.579
"101067",0,0,0.174202596807825,0.141503714654298,0,0.138072693889185,0,44.605
"101068",0,0,0.0749558243071123,0.038002585182427,0,0.0379680733490897,0,44.787
"101069",0,0,0.0612741154031367,0.0241272391849261,0,0.0231537369627425,0,44.826
"101070",0,0,0.0703907776685633,0.0336480050563957,0,0.0339433967212254,0,44.826
"101071",0,0,0.0735925235397619,0.0417398828669319,0,0.0522349260957803,0,44.826
"101072",0,0,0.0262411268797479,0,0,0.019960344728029,0,44.826
"101073",0,0,0.139379887350934,0.098791750058738,0,0.095189914659113,0,44.826
"101074",0,0,0.0720942537952183,0.0317623271180657,0,0.0350692532300659,0,44.826
"101075",0,0,0.179589415981688,0.136287813843453,0,0.122754023657115,0,44.826
"101076",0,0,0.235273180105589,0.185623050295935,0,0.152186489094758,0,44.826
"101077",0,0,0.113693141647648,0.0669271888506147,0,0.0498985371565594,0,44.826
"101078",0,0,0.22634987601556,0.175621232844494,0,0.143023354520433,0,44.826
"101079",0,0,0.217298871005691,0.164360513714851,0,0.13227676165411,0,44.826
"101080",0,0,0.176972283823855,0.128413673772571,0,0.107420785165361,0,44.826
"101081",0,0,0.349418657871353,0.299092697085227,0,0.24403109045145,0,44.826
"101082",0,0,0.207531863526139,0.164364079322313,0,0.147430946292493,0,44.826
"101083",0,0,0.0620888871078585,0.0256578605281734,0,0.0315980795533854,0,44.826
"101084",0,0,0.0512708625832914,0.0152881922528399,0,0.0239309421570858,0,44.826
"101085",0,0,0.0260206539273603,0,0,0,0,44.826
"101086",0,0,0.141712781395923,0.10430294303884,0,0.106550785618125,0,44.826
"101087",0,0,0.126930322824557,0.0922207783616688,0,0.0967836444265501,0,44.826
"101088",0,0,0.14419826423229,0.1096786268975,0,0.109481147332569,0,44.826
"101089",0,0,0.174386065513033,0.14056078403981,0,0.137494935972644,0,44.826
"101090",0,0,0.208988712869074,0.174187575130437,0,0.163738526162444,0,44.827
"101091",0,0,0.215255713295466,0.16211219589366,0,0.129397210920466,0,45.076
"101092",0,0,0.184193500762786,0.139631619681324,0,0.119597475769485,0,45.081
"101093",0,0,0.251860745169702,0.204333497964182,0,0.169104786011714,0,45.081
"101094",0.0014542996697537,0,0.367369345054756,0.316477223337503,0,0.256233454243754,0.00256394485474467,45.081
"101095",0,0,0.162486415024423,0.12195293686904,0,0.114131251972036,0,45.081
"101096",0,0,0.126330724361748,0.0868293672964151,0,0.0847847552903348,0,45.081
"101097",0,0,0.109380856608189,0.0701260475430677,0,0.0700575944830628,0,45.081
"101098",0,0,0.156902684905092,0.117509729709869,0,0.114032872433509,0,45.081
"101099",0,0,0.168360785444182,0.131025679175771,0,0.126542421419364,0,45.081
"101100",0,0,0.158560637194317,0.121190702575116,0,0.115055086740925,0,45.081
"101101",0,0,0.134238997997827,0.0992557022659425,0,0.100005328226296,0,45.081
"101102",0,0,0.122979748357934,0.0888067839102174,0,0.0917888304387623,0,45.065
"101103",0,0,0.298480420177915,0.252360638299703,0,0.211511639526273,0,45.326
"101104",0,0,0.18786933841119,0.143841664650284,0,0.125584716027363,0,45.334
"101105",0,0,0.119952865063914,0.0813166748781477,0,0.0805435432144471,0,45.334
"101106",0,0,0.185294169522948,0.147012923208275,0,0.138946577818283,0,45.334
"101107",0,0,0.170389337186724,0.131136543209481,0,0.124612781244896,0,45.334
"101108",0,0,0.17131924148032,0.130357619198658,0,0.120795147892668,0,45.334
"101109",0,0,0.191286028417634,0.150684363497131,0,0.137639741195961,0,45.334
"101110",0,0,0.175913046740176,0.138118493630404,0,0.130067581288077,0,45.334
"101111",0,0,0.124431695377537,0.0889038066391669,0,0.0898051588070673,0,45.334
"101112",0,0,0.200116691770807,0.162560774289685,0,0.150910040713352,0,45.563
"101113",0,0,0.159557674645945,0.119902968647048,0,0.112072011372789,0,45.586
"101114",0,0,0.0997496262108895,0.0602505281207757,0,0.0579743110444539,0,45.586
"101115",0,0,0.206248033770923,0.165363129652937,0,0.14900879457211,0,45.586
"101116",0,0,0.261187610317564,0.219424633132614,0,0.192716882678076,0,45.586
"101117",0,0,0.154479314355224,0.116560184878706,0,0.113091888726798,0,45.586
"101118",0,0,0.168593312087892,0.129062964587025,0,0.120277742929834,0,45.586
"101119",0,0,0.169857028612354,0.129700484493495,0,0.11825169342775,0,45.586
"101120",0,0,0.136254380223161,0.0986703641548169,0,0.0943820284235475,0,45.559
"101121",0,0,0.20696253556847,0.168615109811032,0,0.155112718695616,0,45.824
"101122",0,0,0.196300759576306,0.152163744282053,0,0.130939451880924,0,45.837
"101123",0,0,0.199465333103547,0.157006240533881,0,0.137649640316277,0,45.837
"101124",0,0,0.277865632360719,0.232248234032229,0,0.196783719622044,0,45.837
"101125",0,0,0.236870885029411,0.198184021465222,0,0.179573856999636,0,45.837
"101126",0,0,0.160122260785053,0.123408380765675,0,0.120248861591015,0,45.837
"101127",0,0,0.161313520327999,0.121597186615206,0,0.111984978334194,0,45.837
"101128",0,0,0.215903294755563,0.175399209093652,0,0.15463989486775,0,46.082
"101129",0,0,0.201406271373778,0.16164662622185,0,0.144625011614338,0,46.086
"101130",0,0,0.187999263086885,0.147577168286979,0,0.132301005347939,0,46.086
"101131",0,0,0.223774184014223,0.181113233039487,0,0.157405885468489,0,46.086
"101132",0,0,0.190942600385289,0.154976729597557,0,0.148339342379311,0,46.086
"101133",0,0,0.131369704373497,0.102567030471517,0,0.117234850430354,0,46.086
"101134",0,0,0.0818578583130864,0.0528458826932031,0,0.0710890892169188,0,46.086
"101135",0,0,0.192012424104561,0.152857589583096,0,0.135231429313743,0,46.335
"101136",0,0,0.188192999475441,0.146919217486839,0,0.12769585113247,0,46.335
"101137",0,0,0.200732721035769,0.159904331493186,0,0.142005718457848,0,46.335
"101138",0,0,0.16478506911533,0.129109513025484,0,0.126297883629272,0,46.335
"101139",0,0,0.104795367891917,0.0757322555424502,0,0.0932338333935246,0,46.335
"101140",0,0,0.139579986093193,0.106078298532627,0,0.111659022507573,0,46.335
"101141",0,0,0.187120377417058,0.147103484685028,0,0.126539322907989,0,46.58
"101142",0,0,0.127992300852379,0.092913426235272,0,0.0850384315194214,0,46.583
"101143",0,0,0.178221200290561,0.141929742779051,0,0.133596831277852,0,46.583
"101144",0,0,0.169831687685098,0.134384222146407,0,0.130769731380505,0,46.583
"101145",0,0,0.147257695016558,0.109555027846026,0,0.106334926560353,0,46.583
"101146",0,0,0.134422841711712,0.0980364350484189,0,0.101277994972197,0,46.583
"101147",0,0,0.225438116027565,0.18112773179038,0,0.150186901186896,0,46.803
"101148",0,0,0.191303404349607,0.14959007019672,0,0.126901081211872,0,46.829
"101149",0,0,0.173600815687928,0.13787027094637,0,0.130534547827648,0,46.829
"101150",0,0,0.120517013086239,0.0913389116813871,0,0.105196114599625,0,46.829
"101151",0,0,0.110126360621552,0.078126387335221,0,0.0899839266882218,0,46.829
"101152",0,0,0.14142195102237,0.104368965152933,0,0.105342814783041,0,46.829
"101153",0,0,0.189731690011698,0.150827793395561,0,0.133205441540923,0,47.061
"101154",0,0,0.147074152158318,0.110214801448329,0,0.0991197160313718,0,47.074
"101155",0,0,0.0987321083154878,0.071076451120184,0,0.0885387424934729,0,47.073
"101156",0,0,0.13375175285955,0.0986984352453832,0,0.0996449247243691,0,47.074
"101157",0,0,0.137354513425788,0.102296378567209,0,0.10226505026013,0,47.07
"101158",0,0,0.207655293755569,0.16820558032337,0,0.148422580476048,0,47.309
